id,smiles,proba
1,CCC=C(C)C(=O)OCC(=O)CC(CCC(C)=O)C(C)C,0.999833345413208
2,CCCCCC(CC)C(=O)CCCCC(CCCC)Oc1c(C)occc1=O,0.9997190833091736
3,CCCCC(CC)C(=O)OC1=C(C)OC(C)C1=O,0.999674916267395
4,CCCCC(CC)C(=O)OCc1ccc(C)cc1,0.9996102452278137
5,CCC(C)C(=O)OCc1ccc(C)cc1,0.999495267868042
6,CC(=CCCC(=O)CCCC(C)C)CCOC(=O)C(C)C,0.9994392991065979
7,CC=CC(C)C(=O)OC(CCCC)CCCCC(=O)C(CC)CCCCCC,0.9993657469749451
8,CCC(Cc1ccccc1)C(=O)OCc1ccc(C)cc1,0.9993645548820496
9,CCC=C(C)C(=O)OCC(=O)OC(C)CC,0.9991631507873535
10,CCCCC(CCCCC(=O)CC(CCC(C)=O)C(C)C)OOCc1ccc(C)cc1,0.9991483688354492
11,CCC(Cc1ccccc1)C(=O)OC1=C(C)OC(C)C1=O,0.9990726709365845
12,CCC=C(C)C(=O)OCc1ccc(C)cc1,0.9990513920783997
13,CCCCC(CC)C(=O)OCc1ccco1,0.9989612102508545
14,CCCC(=O)CC(=O)OCc1ccc(C)cc1,0.9989166259765625
15,CCCC(=O)CC(=O)OC1CCCCC1,0.9988790154457092
16,CCCCOC(=O)C(C)CC(=O)CC(=O)CCC,0.9988736510276794
17,CCCCC(CCCCC(=O)OC(C)(C)c1ccccc1)OC(=O)C(CC)CCCC,0.9988372921943665
18,CCCCC(CCCCC(=O)OCc1ccc(C)cc1)OC(C=O)CC,0.9988008737564087
19,Cc1ccc(COC(=O)C(C)C)cc1,0.9987825751304626
20,C=CC(CCCCC)OC(=O)C(CC)CCCC,0.9986470341682434
21,C=CC(CCC)OC(=O)C(CC)CCCC,0.9986304044723511
22,CC=CC(C)C(=O)OC1=C(C)OC(C)C1=O,0.9985793828964233
23,CCCCC(CC)C(=O)OCC(C)C,0.9985690116882324
24,CCC(C(C)=O)C(=O)OCc1c(C)occc1=O,0.9985620379447937
25,CCC=C(C)C(=O)OCC(C)C,0.9984985589981079
26,CCCCC(CC)C(=O)Oc1c(C)occc1=O,0.9984614849090576
27,C=CCOC(=O)C(C)C,0.9984083771705627
28,CCCCC(CC)C(=O)OCc1ccc(OC)cc1,0.9984075427055359
29,CCCCC(CC)C(=O)OC1CCCCC1,0.9983950257301331
30,CCCCC(CCCCC(=O)C(C)(C)c1ccccc1)OC(=O)C(CC)CCCC,0.9983609318733215
31,CCCCC(CC)C(=O)OCCC(C)=CCCC(=O)C(CC)Cc1ccccc1,0.9983476400375366
32,C=C(C)C1CC=C(C)C(OC(=O)C(CC)CCCC)C1,0.9982737302780151
33,CCC(CC)C(=O)OCc1ccc(C)cc1,0.9982320666313171
34,C=C(COC(=O)C(CC)CCCC)C1CC=C(C)CC1,0.9982317090034485
35,C=C(C)C1CC=C(COC(=O)C(CC)CCCC)CC1,0.9982264637947083
36,CCC(C(C)=O)C(=O)OCCC(C)=CCCC(=O)CC(C)C,0.9981938004493713
37,CCCCC(CC)C(=O)COC(=O)C(C)CC,0.9981905817985535
38,C=C(COC(=O)CC(=O)CCC)C1CC=C(C)CC1,0.998160183429718
39,CC=CC(C)C(=O)COC(=O)C(C)CC,0.9981334805488586
40,CCC(C(C)=O)C(=O)OCc1ccc(C)cc1,0.9981279969215393
41,CCCCC(CCCCC(=O)C(C)CC)OC(=O)C1OC1(C)c1ccc(C)cc1,0.9980508089065552
42,C=C(COC(=O)CCc1ccco1)C1CC=C(C)CC1,0.9980429410934448
43,CCCCCCC(CC)C(=O)CCCCC(CCCC)OC(=O)C(O)CC(C)C,0.9980244636535645
44,CCC(C)C(=O)OC1=C(C)OC(C)C1=O,0.99798583984375
45,CCCCC(CC)C(=O)OCC,0.9979051351547241
46,CCC(C=O)OC1=C(C)OC(C)C1=O,0.9978705644607544
47,CC=C(C)C=CCC(=O)CCCCC(CCCC)Oc1c(C)occc1=O,0.9978087544441223
48,CCCCC(CCCCC(=O)OCc1ccccc1)OC(=O)C(C)CC,0.9977858066558838
49,CCCC(=O)OC(C)(C)Cc1ccccc1,0.9977847933769226
50,CCCCC(CC)C(=O)CCCC(C)=O,0.9976504445075989
51,CCCCC(CCCCC(=O)OCc1ccco1)OC(=O)C(C)CCC,0.9975506663322449
52,CCCCC(O)C(=O)OCc1ccc(C)cc1,0.9974601864814758
53,CC(=O)CCC(=O)OCc1ccc(C)cc1,0.9974276423454285
54,CCCCC(CC)C(=O)OCc1ccc(C(C)C)cc1,0.9974249601364136
55,CCC=C(C)C(=O)C(=O)C(CC)CCCC,0.9974203109741211
56,CCCCC(CC)C(=O)OCC1=CCC2CC1C2(C)C,0.9973617196083069
57,CCCCC(CCCCC(=O)OC(C)(C)c1ccccc1)OCC=C(C)C,0.9973529577255249
58,CCCC(=O)OCc1ccc(C)cc1,0.9972749352455139
59,CCCCC(C(C)=O)C(=O)OCc1ccc(C)cc1,0.997215747833252
60,CCC=C(C)C(=O)OCC(=O)C(CCCCC)C(OC)OC,0.9971689581871033
61,CCCC(C)C(=O)OCc1ccc(C)cc1,0.9971471428871155
62,CCCCC(CC)C(=O)OCCC(S)CCC,0.9971339702606201
63,CCCCC(C=O)OC1=C(C)OC(C)C1=O,0.9970575571060181
64,Cc1occc(=O)c1COC(=O)CCCC(C)C,0.9969111084938049
65,CC(C)COC(=O)C(C)C,0.9968826770782471
66,C=C(COC(=O)C(CC)Cc1ccccc1)C1CC=C(C)CC1,0.9968817234039307
67,CCCCC(CCCCC(=O)OC(C)(C)CCc1ccccc1)OC(C)=S,0.9968024492263794
68,CC(C)C(=O)OCC(C=O)c1ccccc1,0.9967607855796814
69,CC=CC(C)C(=O)OC(CCCC)CCCCC(=O)Oc1c(C)occc1=O,0.9966649413108826
70,CCCCC(CCCCC(=O)OCc1ccc(OC)cc1)OC(=O)C(C)=O,0.9964871406555176
71,Cc1ccc(COC(=O)CCCC(C)C)cc1,0.9964140057563782
72,CCCCCCC1CC(OC(=O)C(CC)CCCC)CO1,0.9963192939758301
73,CCCC(=O)CC(=O)OCc1ccco1,0.9962841868400574
74,CCCC(=O)CC(=O)OCc1ccc(OC)cc1,0.9961948394775391
75,CCCCC(CC)C(=O)OCc1ccccc1,0.9961878657341003
76,COc1ccc(COC(=O)C(C)C)cc1,0.9961310625076294
77,C=CC(CCCCC)OC1=C(C)OC(C)C1=O,0.9960843324661255
78,CC(C)C(=O)OC(C)(C)Cc1ccccc1,0.996046245098114
79,C=C(COC(=O)CCCC(C)C)C1CC=C(C)CC1,0.9960158467292786
80,CC=CC(C)C(=O)OC(CCCC)CCCCC(=O)OCc1ccccc1,0.996001660823822
81,CCC(C(C)=O)C(=O)OC1=C(C)OC(C)C1=O,0.9959546327590942
82,Cc1ccc(COC(=O)CCc2ccco2)cc1,0.9959391355514526
83,C=CCC(C)C(=O)OCc1ccc(C)cc1,0.9958565831184387
84,CCCCCC(CC)OC(=O)C(CC)CCCC,0.995646059513092
85,C=C(COC(=O)CCc1ccccc1)C1CC=C(C)CC1,0.9956315755844116
86,C=C(COC(=O)CCC(C)C)C1CC=C(C)CC1,0.9956256151199341
87,CCOC(=O)C(C)C,0.995624840259552
88,CCCCC(=O)OCc1ccc(C)cc1,0.995590090751648
89,C=C(C)C1CC=C(COC(=O)C(CC)Cc2ccccc2)CC1,0.9955875873565674
90,CCCCC(CCCCC(=O)OCc1ccco1)OOC1CCCCC1,0.9955558180809021
91,CCCCCC(CC)OC1=C(C)OC(C)C1=O,0.9955464601516724
92,CCCCC(CC)C(=O)OCCC(C)C,0.9955461025238037
93,CCCCCC(C=O)OC1=C(C)OC(C)C1=O,0.9955204725265503
94,Cc1ccc(COC(=O)CCC(C)C)cc1,0.9954798221588135
95,CCCCC(CC)C(=O)CC=C(C)C,0.9954560995101929
96,CCCC(=O)CC(=O)C(=O)C(C)COCC,0.9954004883766174
97,CC(C)CCCC(=O)OCC(C)(C)C1CCC(C)CC1=O,0.9953624606132507
98,C=CC(CCCCC)OC(CCCC)CCCCC(=O)OCc1ccco1,0.99534010887146
99,C=C(COC(=O)C(C)C)C1CC=C(C)CC1,0.9952235817909241
100,CC=CC(C)C(=O)OC(CCCC)CCCCC(=O)CC(=O)O,0.9951253533363342
101,C=C(C)OCCC=C(C)CCOC(=O)C(C)CC,0.9951145648956299
102,CCCC(=O)CC(=O)OC1=C(C)OC(C)C1=O,0.9950588941574097
103,CCC(CC)COC(=O)C(O)C(O)C(=O)OC1=C(C)OC(C)C1=O,0.995053768157959
104,CCCCC(=O)C(O)C(O)C(=O)OC(C)(C)Cc1ccccc1,0.9950460195541382
105,CCC=CC(=O)OCc1c(C)occc1=O,0.9949883818626404
106,Cc1ccc(COC(=O)CCc2ccccc2)cc1,0.9948679208755493
107,CCCC(S)CCC(=O)COCc1ccc(C)cc1,0.9948405623435974
108,CCC=C(C)C(=O)OCc1ccc(C(C)C)cc1,0.9948179125785828
109,C=C(COC(=O)CCC(C)=O)C1CC=C(C)CC1,0.9947988986968994
110,CCCCC(CC)C(=O)OC(C)CC,0.9947845339775085
111,C=C(C)C1CC=C(COC(=O)C(O)C(O)C(=O)CCCC)CC1,0.9947840571403503
112,C=C(C)C1CC=C(COC(=O)CC(=O)CCC)CC1,0.9947445392608643
113,CCCCC(=O)C(O)C(O)C(=O)OCC1=CCC2CC1C2(C)C,0.9947439432144165
114,CC=CC(=O)OC(CCCC)CCCCC(=O)CC(=O)C(C)C,0.9947389960289001
115,CCCCC(=O)OCCC(C)=CCCNC(C)CC,0.9946399331092834
116,C=CCC(C)C(=O)C(=O)COC(=O)C(C)C=CC,0.9943628311157227
117,CC=CC(C)C(=O)OC(CCCC)CCCCC(=O)CCC(C)CCCC(C)C,0.9943354725837708
118,CCCCC(CC)C(=O)OC(C)OCC,0.9943071007728577
119,CCCCCCC(CC)C(=O)CCCCC(CCCC)OC(=O)CCCC,0.994261622428894
120,CCCCC(=O)C(O)C(O)C(=O)OCc1ccco1,0.9941396713256836
121,Cc1occc(=O)c1COC(=O)C(C)O,0.9941243529319763
122,CCCCC(C)OC(=O)C(CC)CCCC,0.9940980672836304
123,CCC(C)C(=O)OC1CCCCC1,0.994013249874115
124,C=C(COC(=O)CCCC(O)CCC)C1CC=C(C)CC1,0.9939877986907959
125,C=C(C)C1CC=C(COC(=O)CCCCC(CCCC)OCC=CCO)CC1,0.9939494132995605
126,C=C(COC(=O)C(O)CCCC)C1CC=C(C)CC1,0.9939325451850891
127,CC=C(C)C=CCC(=O)C(CC)CCCC,0.993930459022522
128,CCCCC(C(C)=O)C(=O)OC1=C(C)OC(C)C1=O,0.9938228130340576
129,CCCCCC(C)OC(=O)C(CC)CCCC,0.9938202500343323
130,CCC(C)C(=O)OCOc1c(C)occc1=O,0.9937784075737
131,CCCCC(C=O)C(=O)COC(=O)CC1(C)OCCO1,0.9937559366226196
132,CCCC(=O)CC(=O)OCCC(C)=CCCC(=O)C(CC)C(C)=O,0.9937559366226196
133,C=C(C)C1CC=C(COOC(CCCC)CCCCC(=O)OCc2ccco2)CC1,0.9936985969543457
134,CCC(C)COC(=O)C(C)C,0.993513822555542
135,CCCCC(O)C(=O)OC1=C(C)OC(C)C1=O,0.9934288859367371
136,C=CC(CCC)OC1=C(C)OC(C)C1=O,0.9933925271034241
137,C=C(C)C1CC=C(C)C(OC(=O)CCCCC(CCCC)OC(=O)C(C)(C)SC)C1,0.9933310151100159
138,CCCC(=O)OC1=C(C)OC(C)C1=O,0.9932852983474731
139,CCC(C)OC1=C(C)OC(C)C1=O,0.993243396282196
140,C=C(COC(=O)CCC1CCCCC1)C1CC=C(C)CC1,0.993126392364502
141,CCCCC(CCCCC(=O)OCC(C)C)OCC=CC(C)=O,0.9930344820022583
142,CC=CC(C)C(=O)OCC(=O)C1OC(=O)C(C)=C1C,0.9929688572883606
143,CC(C)COC(=O)C1CCCCC1,0.9927991628646851
144,CCCCC(CCCCC(=O)Cc1ccccc1)Oc1c(C)occc1=O,0.9926763772964478
145,C=CCC(C)C(=O)OC1=C(C)OC(C)C1=O,0.9926432967185974
146,CCCCC(CC)C(=O)C1CCCCC1,0.9925643801689148
147,CCCCCCC(CC)C(=O)CCCCC(CCCC)OC(=O)CCO,0.9924821257591248
148,CCCCC(CC)C(=O)CCCC(C)(O)C1CC=C(C)CC1,0.9923984408378601
149,CCCCC(CC)C(=O)C(=O)CC(=O)CCC,0.9923155307769775
150,CCCCCC(C)C(=O)COC(=O)CCc1ccco1,0.9922773838043213
151,CC(=O)C=CCOCc1ccc(C)cc1,0.9922730326652527
152,C=C(C)CC(=O)COC(=O)C(C)=CCC,0.9922519326210022
153,C=C(C)C1CC=C(COC(=O)C(O)CCCC)CC1,0.9921566247940063
154,CC1=C(OC=O)C(=O)C(C)O1,0.9919765591621399
155,CCCCC(=O)OC(CCCC)CCCCC(=O)OCc1ccco1,0.9918898940086365
156,CC1=C(OC(C)(C)C2CCC(C)CC2=O)C(=O)C(C)O1,0.991862416267395
157,CCCC(O)CC(=O)OCc1ccc(C)cc1,0.9918385148048401
158,Cc1ccc(COC(=O)CCO)cc1,0.9917480945587158
159,CCC=C(C)C(=O)OC1CCCCC1,0.9917086958885193
160,C=C(COC(=O)C(CCCC)C(C)=O)C1CC=C(C)CC1,0.9917032122612
161,CCCC(=O)OCc1ccc(C(C)C)cc1,0.9916492700576782
162,CC1=C(OCc2ccc(C)cc2)C(=O)C(C)O1,0.9916320443153381
163,CC=CC(C)C(=O)OC(CCCC)CCCCC(=O)C(=O)C(O)CC(C)C,0.9915574789047241
164,CCCCC(CCCCC(=O)C(=O)c1ccccc1NCC)OC(=O)C(C)C,0.9915533661842346
165,CC=C(C)C=CCC(=O)CCCCC(CCCC)OOCc1ccc(C(C)C)cc1,0.9914795160293579
166,C=C(C)COC(=O)C(CC)CCCC,0.9914276599884033
167,Cc1ccc(COC(=O)C(O)CC(C)C)cc1,0.9912988543510437
168,CCSC(C)CC(=O)OCc1ccc(C)cc1,0.9911613464355469
169,C=C(C)C1CC=C(COC(=O)C(C)C)CC1,0.9910998940467834
170,CCCCC(CC)C(=O)OC(CC)c1ccccc1,0.9910894632339478
171,CCCC(C)C(=O)OC1=C(C)OC(C)C1=O,0.9910008311271667
172,CCCCC(=O)C(CC)CCCC,0.9909403324127197
173,CCOC(=O)C1CCCCC1,0.9909362196922302
174,CCCCC(CC)C(=O)OCCC,0.9907941222190857
175,CCCC(O)CCCC(=O)OCc1ccc(C)cc1,0.9907798767089844
176,CCC=CCCOC(=O)C(CC)CCCC,0.9907185435295105
177,CC=C(C)C(=O)OCCC(C)=CCCC(=O)CCCC,0.9906384944915771
178,C=C(COC(=O)C(CC)C(C)=O)C1CC=C(C)CC1,0.9905000329017639
179,CCCCC(CC)C(=O)CC=CC(C)=O,0.990452766418457
180,CC=CC(C)C(=O)OCCCCC,0.9900863766670227
181,CCCC(=O)CC(=O)OCC(C)CC,0.9899751543998718
182,C=CCCCCCCCCCC(=O)OCCC(C)=CCCC(=O)C(CC)Cc1ccccc1,0.9897913932800293
183,CCC(=O)OCC(C)C,0.9897233247756958
184,C=C(C)OCCC=C(C)CCOC(=O)C(O)CCCC,0.9897164702415466
185,C=CC(C)=CCCC(=O)C(CC)CCCC,0.9895836710929871
186,CCCCC(CCCCC(=O)C(C=O)CCCC)OOC1CCCCC1,0.9893609881401062
187,CCCCCCCCCCCCCCC(=O)CCC=C(C)CCOC(=O)C(C)CC,0.9892932176589966
188,CCCCC(CC)C(=O)CC1=C(C)CCCC1(C)C,0.9891336560249329
189,CCC(=O)OCc1ccccc1,0.9889296889305115
190,CCCC(S)CCOC(=O)C1CCCCC1,0.9888793230056763
191,CC(=O)C(=O)OCC(C)C,0.9888485670089722
192,CCCCC(CC)C(=O)CCCC(C)CCO,0.9888463616371155
193,CCCCC(CC)C(=O)OCC(CC)CC,0.9886382222175598
194,CCC(C)OC(=O)CCCC(C)C,0.9886294603347778
195,CCCCC(=O)OCc1ccco1,0.9886212944984436
196,CC(=O)C(=O)OCCC(C)=CCCC1CCC(C)=CC1=O,0.9885514974594116
197,CCCCC(CCCCC(=O)CCCC(C)=O)OOC1CCCCC1,0.9883248805999756
198,CCC=CCOC(CCCC)CCCCC(=O)OCc1ccc(OC)cc1,0.9883158802986145
199,CC=CCC(=O)C(CC)CCCC,0.9883140325546265
200,CCCCC(CC)C(=O)Oc1ccc2ccccc2c1,0.988281786441803
201,CC=CC(C)C(=O)OCC(=O)CCC=C(C)C,0.988153874874115
202,CC(C)C(=O)OC1CCCCC1,0.9881211519241333
203,Cc1occc(=O)c1OC(=O)C(C)C,0.9880532622337341
204,Cc1ccc(COC(=O)C2OC2(C)c2ccc(C)cc2)cc1,0.9880049824714661
205,CCCCCC(CC)OC(C)(C)C1CCC(C)CC1=O,0.988003134727478
206,Cc1ccc(COC(=O)CCC2CCCCC2)cc1,0.9879819750785828
207,CCCCCC(O)CC(=O)OCc1ccc(C)cc1,0.9879162311553955
208,CCCCC(CC)C(=O)CC(C)C(=O)CCCC(C)CCO,0.9879084229469299
209,Cc1ccc(COC(=O)CC(C)CC(C)(C)C)cc1,0.9878975749015808
210,CC(=O)C(=O)OCc1ccc(C)cc1,0.9878095388412476
211,C=CCOC(=O)CCCCC(CCCC)OC(C=O)CC,0.9876633286476135
212,Cc1ccc(COC(=O)C2CCCCC2)cc1,0.9875664710998535
213,CCC(C)C(=O)OCCC(C)=CCCOC(C)C,0.9875298738479614
214,CCCCCCC(CC)OC1=C(C)OC(C)C1=O,0.9874449968338013
215,Cc1ccc(COC(C)(C)C2CCC(C)CC2=O)cc1,0.9873968958854675
216,CCCCCCCCCCC(=O)OCCC(C)=CCCC(=O)CC(C)C,0.9873765707015991
217,CCC=CC=CCC(=O)C(CC)CCCC,0.9872943758964539
218,C=C(C)C1CC=C(COC(=O)CCCC(C)C)CC1,0.9872350096702576
219,CCCCC(CCCCC(=O)CC(C)C)OC(=O)C(C)(C)C,0.9871740341186523
220,CCCCC(O)C(=O)OCC(C)C,0.9870173335075378
221,CCCCCOOC1=C(C)OC(C)C1=O,0.9867543578147888
222,CCCCCCC(CC)C(=O)CCCCC(CCCC)OC(=O)C(N)CCCN,0.9866676330566406
223,CCCCCC(OC1=C(C)OC(C)C1=O)C(OC)OC,0.9865288734436035
224,CC1=CCC(C(C)OCc2c(C)occc2=O)CC1,0.9865013957023621
225,CCCCC(CC)C(=O)Oc1ccc(C)cc1,0.986312210559845
226,CC=Cc1ccc(C(=O)CCCCC(CCCC)OC(=O)C(CC)Cc2ccccc2)c(OC)c1,0.9860296845436096
227,CCCC(S)CCOC(C)(C)C1CCC(C)CC1=O,0.9860059022903442
228,CCCCC(O)C(=O)OCc1ccc(C(C)C)cc1,0.9859800934791565
229,CCCCC(C=O)OCc1ccc(C)cc1,0.9859764575958252
230,CCNc1ccccc1C(=O)CC(C)C(=O)OCC,0.9859356880187988
231,CCCCC(CC)C(=O)Oc1ccccc1OC,0.9859210848808289
232,CCCCCC(=O)CCCC(=O)OCc1ccc(C)cc1,0.9858382344245911
233,CCCCC(CC)C(=O)C(=O)c1ccccc1OC,0.9858253598213196
234,CC=CC(C)C(=O)OC(CCCC)CCCCC(=O)CCCCCCC,0.985803484916687
235,CCCCC(CC)C(=O)CCCC(C)C=O,0.985791802406311
236,CCC(Cc1ccccc1)C(=O)CCC=C(C)CCOC(=O)CC1CCCCC1,0.9857308268547058
237,C=CCCCCCCCC(=O)COC(=O)C(C)C,0.9857069849967957
238,CCCCCC(CC)OC(=O)C(C)C,0.9855635166168213
239,CCCCC(O)C(=O)OCC1=CCC2CC1C2(C)C,0.9854968190193176
240,C=C(C)COC(=O)CCCCC(CCCC)OC(=C)C,0.985421359539032
241,C=C(C)C1CC=C(COC(=O)CCCCC(CCCC)OCCC2CCC(=O)O2)CC1,0.9852779507637024
242,CCCCC(CCCCC(=O)OCc1ccco1)OC(=O)CSC,0.9852574467658997
243,C=CC(CCC)OC(C)(C)C1CCC(C)CC1=O,0.9852386116981506
244,CCCCCC(CC)OC(CCCC)CCCCC(=O)CCCC(C)O,0.985188364982605
245,CCCCC(CCCCC(=O)OCCCc1ccccc1)OC(=O)C1OC1(C)c1ccccc1,0.9851796627044678
246,CCCCC(CC)C(=O)CCC1CCCC1=O,0.9850136637687683
247,CCCCC(=O)OCc1ccc(OC)cc1,0.9849230051040649
248,CCC=C(C)C(=O)Oc1c(C)occc1=O,0.9848035573959351
249,CCC=CC(=O)OCc1ccc(C)cc1,0.9846580028533936
250,C=C(C)COC(=O)CCCC(C)C,0.9844473600387573
251,CCC(C)CCC(=O)OCCC(C)=CCCC1CCC(C)=CC1=O,0.9843384623527527
252,CCCCC(=O)OC(CCCC)CCCCC(=O)OCc1ccccc1,0.9843190312385559
253,COC1=C(C)OC(C)C1=O,0.9843145608901978
254,CCCCC(CC)C(=O)CCCCO,0.984205424785614
255,CCCCC(=O)C(CC)Cc1ccccc1,0.9840865731239319
256,CCCCC(CC)C(=O)CC(=O)C(C)C,0.9840074181556702
257,CC1=C(OC(=O)Cc2ccc(C(C)(C)C)cc2)C(=O)C(C)O1,0.9839394092559814
258,C=C(C)C1CC=C(COC(=O)CC(O)CCCCC)CC1,0.9838970899581909
259,CCC(C)CC(=O)OCc1ccccc1,0.9838231205940247
260,C=CCC(C)C(=O)C(=O)CCCCC(CCCC)OC(=O)C(C)CCC,0.9837770462036133
261,CCCCC(O)C(=O)OCCC(C)=CCCOC(C)C,0.9837743043899536
262,C=CC1(C)CCC(C(C)(C)OC(=O)C(CC)CCCC)O1,0.9837636947631836
263,CCCCC(CC)C(=O)C(=O)C1OC1(C)c1ccc(C)cc1,0.983759880065918
264,CCC(=O)OCC(=O)C(C)c1ccccc1,0.9837415218353271
265,CCC(C)OC(=O)C(C)C,0.9836265444755554
266,Cc1ccc(COC(=O)COOc2c(C)occc2=O)cc1,0.9835373759269714
267,Cc1ccc(COCC(C)C)cc1,0.9835365414619446
268,CCOCC(C)C(=O)OC1CCCCC1,0.9835294485092163
269,C=C(COC(=O)CCCSC)C1CC=C(C)CC1,0.9834852814674377
270,C=C(C)C1CC=C(COC(=O)C(CC)C(C)=O)CC1,0.9834536910057068
271,CCCCC(C=O)Oc1c(C)occc1=O,0.9834264516830444
272,CCCCC(CC)C(=O)c1ccccc1OC,0.9834184050559998
273,CCC=C(C)C(=O)C1CCCCC1,0.9832536578178406
274,CCCCCC(CC)OOC1=C(C)OC(C)C1=O,0.9831468462944031
275,CC=C(C)C=CCOC1=C(C)OC(C)C1=O,0.9831347465515137
276,C=C(COC(=O)C1CC2C=CC1C2)C1CC=C(C)CC1,0.9831072092056274
277,CC1=C(COC2=C(C)OC(C)C2=O)C(C)(C)CCC1,0.9829724431037903
278,CC(=O)CCC(=O)OC1=C(C)OC(C)C1=O,0.9829620718955994
279,CCCCC(=O)C(O)C(O)C(=O)OCC(CC)CC,0.9827593564987183
280,CCC=C(C)C(=O)C(=O)C(O)C(O)C(=O)CCCC,0.9826404452323914
281,CC(=CCCC(=O)CCC(C)C)CCOC(=O)CC1CCCCC1,0.9824988842010498
282,CCC(CC)C(=O)OC1CCCCC1,0.9824323654174805
283,CCCCC(CC)C(=O)CC1OCCO1,0.9824268817901611
284,CC(C)C(=O)CCOC(=O)CCc1ccccc1,0.9823618531227112
285,CCCCC(CC)C(=O)OC1=C(C)CCC1=O,0.9815858602523804
286,CCCC(=O)CCC(S)CCC,0.9815712571144104
287,C=CC1(C)CCC(C(C)(C)OC(=O)C(C)C)O1,0.9814790487289429
288,CC=CCCC(=O)C(CC)CCCC,0.9813770651817322
289,CC1=C(OC(=O)C2CCCCC2)C(=O)C(C)O1,0.9811543822288513
290,Cc1ccc(COC(=O)Cc2ccc(C(C)(C)C)cc2)cc1,0.9811474084854126
291,Cc1ccc(COC(=O)CCCc2ccccc2)cc1,0.9809405207633972
292,CC=CCCC(C)C(=O)OCC,0.9807038307189941
293,CCCCC(=O)C(O)C(O)C(=O)OC(C)(C)c1ccccc1,0.9806287288665771
294,C=CC(CCCCC)OC(CCCC)CCCCC(=O)CCCC(C)=O,0.9805635213851929
295,Cc1cccc(OCOC(=O)C(C)C)c1,0.9805600643157959
296,CCC(OC(=O)C(O)C(O)C(=O)CCCC(C)CCO)c1ccccc1,0.9803488850593567
297,CCC=CC(=O)OC1CCCCC1,0.9803211688995361
298,CCCCC(CC)C(=O)CC(O)C=O,0.9802471399307251
299,CC=CC(C)C(=O)OCC1=CCC2CC1C2(C)C,0.9802207946777344
300,CCNc1ccccc1C(=O)OC1=C(C)OC(C)C1=O,0.9802124500274658
301,CCC(C)C(=O)OCCCCC(C)CCO,0.9801174998283386
302,Cc1ccc(COCC=CCO)cc1,0.9801141619682312
303,CC1=CCC(C(C)OC2=C(C)OC(C)C2=O)CC1,0.9800614714622498
304,CCCCC(CC)C(=O)OCCc1ccccc1,0.9800081253051758
305,CCCCC(CC)C(=O)OCCCc1ccccc1,0.9799973964691162
306,COc1ccc(COC(=O)CCc2ccccc2)cc1,0.9799572825431824
307,CCCCCC=CCOCCC(C)=CCCC(=O)CC(C)C,0.9798437356948853
308,C=C(C)COC(=O)C(C)C,0.979764461517334
309,CCCCC(CC)C(=O)OC1CC(C)CCC1C(C)C,0.9795284271240234
310,CC1=C(OOCc2ccc(C(C)C)cc2)C(=O)C(C)O1,0.9794875979423523
311,COCc1ccc(C)cc1,0.9792231321334839
312,CCCCC(CC)C(=O)Cc1ccccc1OC,0.9791985750198364
313,CCCC(=O)CC(=O)CCC=C(C)CCOC1OC(=O)c2ccccc21,0.979170560836792
314,Cc1ccc(COC(=O)CCS)cc1,0.979128360748291
315,CCCCC(CC)C(=O)OCC(O)CO,0.9790487289428711
316,Cc1ccc(COCC(=O)C(C)C)cc1,0.9789630174636841
317,CCCCCCCCCCCCCCC(=O)CCC=C(C)CCOC(=O)C(CC)C(C)=O,0.9787887334823608
318,CC1(C)C2CC=C(COC(=O)CCc3ccccc3)C1C2,0.9787176847457886
319,CC(C)CCC(=O)OC1CCCCC1,0.9786320924758911
320,CCCC(=O)CC(=O)C(C)CC,0.9785933494567871
321,CCCCC(CCCCC(=O)CCCC(C)(O)C1CC=C(C)CC1)OC(C)(C)C1CCC(C)C2=C(C1)C(C)CC2,0.9783927202224731
322,CCCC(=O)CC(=O)OC(C)OCC,0.9781780242919922
323,CCCCC(CCCCC(=O)CCC(C)CCCC(C)C)OC(=O)C(O)CC(C)C,0.9778181314468384
324,CCC(CC)COOC1=C(C)OC(C)C1=O,0.9778018593788147
325,CCCCC(C=O)C(C)(C)C1CCC(C)CC1=O,0.9777976274490356
326,CNc1ccccc1C(=O)OCC(C)C,0.9771644473075867
327,CCCCC(CC)C(=O)Cc1ccco1,0.9770100116729736
328,CC1=C(Oc2c(C)occc2=O)C(=O)C(C)O1,0.9769903421401978
329,Cc1ccc(COc2c(C)occc2=O)cc1,0.976935625076294
330,CC1=C(OOc2c(C)occc2=O)C(=O)C(C)O1,0.976849377155304
331,CCCCC(CC)C(=O)OC1(C)CCC23CC1C(C)(C)C2CCC3C,0.9768476486206055
332,C=C(COC(=O)CCS)C1CC=C(C)CC1,0.9768471121788025
333,CC(C)C(=O)OCCC=Cc1ccccc1,0.9768377542495728
334,COc1ccc(COOC2=C(C)OC(C)C2=O)cc1,0.9768241047859192
335,CC=CC(C)C(=O)C(=O)C(CC)CCCC,0.9768013954162598
336,CC(C)OC(=O)C1CCCCC1,0.976659893989563
337,CCCCC(CC)C(=O)C1OC(=O)c2ccccc21,0.976414680480957
338,CCCCOC(CCCC)CCCCC(=O)CC(C)C,0.9763071537017822
339,C=CC(CCC)OOC1=C(C)OC(C)C1=O,0.9762358069419861
340,CCOOC1=C(C)OC(C)C1=O,0.9759351015090942
341,CC1=C(OOCC(C)C)C(=O)C(C)O1,0.9758651256561279
342,CCCCCC(=O)C(CC)CCCC,0.9757304191589355
343,C=C(C)OCCC=C(C)CCOC(=O)C(C)=O,0.9748865365982056
344,Cc1ccc(COOc2c(C)occc2=O)cc1,0.9748743772506714
345,CC1=C(OC(=O)CCc2ccccc2)C(=O)C(C)O1,0.9747426509857178
346,CCCCC(CC)C(=O)CC=O,0.9745175242424011
347,Cc1ccc(COC(=O)C(N)CCCN)cc1,0.9741869568824768
348,CCCCOC1=C(C)OC(C)C1=O,0.9741085767745972
349,CC(C)C(=O)CCOC(=O)C1CC2C=CC1C2,0.9740328788757324
350,C=CCC(C)C(=O)OCC(=O)OC(=C)C,0.97395259141922
351,CC(C)CCCC(=O)OCc1ccccc1,0.9736853837966919
352,CCC=CC=CCC(=O)CCCCCCCCC(=O)OCC(C)C,0.973673939704895
353,CC(=O)CCc1ccc(OC2=C(C)OC(C)C2=O)cc1,0.9735168814659119
354,CCC(C)COC(=O)C1CCCCC1,0.9734993577003479
355,CC=CC(=O)OC(CCCC)CCCCC(=O)C(=O)C1CCCCC1,0.9734139442443848
356,CCCCC(CCCCC(=O)C(=O)C(CC)CCCC)OOC1CCCCC1,0.973256528377533
357,C=C(C)C1CC=C(COC(=O)CC(O)CCC)CC1,0.9732166528701782
358,CCCC(=O)CC(=O)C(C)C,0.9730991721153259
359,CCCCC(=O)OCC(C)C,0.9730790257453918
360,CCCCC(CC)C(=O)OCCC1CCCCC1,0.9728577733039856
361,CCCCCC(C)OC(=O)CCc1ccccc1,0.9724845290184021
362,C=C(C)CCCC(=O)C(CC)CCCC,0.9724719524383545
363,CCCCC(CCCCC(=O)OCC(C)c1ccccc1)OC(C)(C)C1CCC(C)CC1=O,0.9724615812301636
364,C=CCC(C)C(=O)C(=O)C(CC)CCCC,0.9723055362701416
365,CCCCC(CC)C(=O)C(=O)C(C)C,0.9721843004226685
366,CC(=O)COCc1ccc(C)cc1,0.9720823764801025
367,CCCCC(CC)C(=O)Oc1cccc(C)c1,0.9718984365463257
368,C=C(C)C1CC=C(C)C(OC(=O)CCCC)C1,0.971878707408905
369,CCC(C)C(=O)OCCCC=C(C)C,0.9717842936515808
370,CC(C)CCCC(C)CCOC(=O)C(C)C,0.9716581106185913
371,Cc1ccc(COC(=O)CC(=O)c2ccccc2)cc1,0.9715094566345215
372,CCCCC(CC)C(=O)c1c(C)occc1=O,0.9714605808258057
373,CCCCCCC1CC(OOCc2ccc(C)cc2)CO1,0.9713366627693176
374,CCCC(C)C(=O)OCc1ccccc1,0.971284031867981
375,CCC(C=O)C(C)(C)C1CCC(C)CC1=O,0.9710631966590881
376,CCC=C(C)C(=O)CCC(S)CCC,0.9709322452545166
377,CCCCC(CC)C(=O)C1OC(CO)C(O)C(O)C1O,0.9709190726280212
378,CC1=C(OCCC2CCCC2=O)C(=O)C(C)O1,0.9708751440048218
379,CSSC(C)C(=O)OC1=C(C)OC(C)C1=O,0.9707484245300293
380,CCCCC(CC)C(=O)C1OC(C)C(O)C(O)C1O,0.970695436000824
381,C=CCCCC(=O)C(CC)CCCC,0.9706948399543762
382,C=CC(CCCCC)OC(=O)C(O)C(O)C(=O)CCCC,0.9703748226165771
383,CCC=CCC(=O)OC1CCCCC1,0.9699779748916626
384,C=C(C)CCCC(C)CCOC(=O)CCCCC(CCCC)OC(=O)C(C)(C)SC,0.9697364568710327
385,CCCCC(CC)C(=O)NCC,0.9696894884109497
386,CCCCC(CC)C(=O)OCc1ccc2c(c1)OCO2,0.9692972898483276
387,CC=CC(=O)OC(CCCC)CCCCC(=O)OC(C)CCCCC,0.9691214561462402
388,CCCC(=O)CC(=O)CC=C(C)C,0.9689463973045349
389,CCCCCCC1CC(OC(=O)C(O)C(O)C(=O)OC(C)(C)c2ccccc2)CO1,0.96888667345047
390,CC(C)COC(=O)C(O)CC(C)C,0.9688403010368347
391,CC=CCCOC(CCCC)CCCCC(=O)OCc1ccco1,0.9688257575035095
392,CCCCC(CC)C(=O)C(=O)C1CC2C=CC1C2,0.968495786190033
393,CCC=C(C)C(=O)OCCCCCCCCCC,0.9684541821479797
394,CCC=CCC(=O)C(CC)CCCC,0.9683446288108826
395,CC(=CCCC1CCC(C)=CC1=O)CCOC(=O)CC1(C)OCCO1,0.9682057499885559
396,CC(=O)C=CCOC1=C(C)OC(C)C1=O,0.9679968953132629
397,CC(=O)CCCOC1=C(C)OC(C)C1=O,0.9679803848266602
398,CC=Cc1ccc(C(=O)C(CC)CCCC)c(OC)c1,0.9679523706436157
399,CCC(CC)COCc1ccc(C)cc1,0.9677397608757019
400,CCCCC(CCCCC(=O)OCc1ccc(C)cc1)OCCCC(C)CCO,0.9676861763000488
401,CC=CC(=O)OC(CCCC)CCCCC(=O)CC=CCC,0.9670861959457397
402,C=CC1(C)CCC(C(C)(C)OC(=O)CCCC(C)C)O1,0.966899037361145
403,CCCCC(=O)CC(=O)CCC,0.9668340682983398
404,CCCCC(CC)C(=O)CC1OCC(C)O1,0.9666592478752136
405,C=CCCC(=O)CC(C)C(=O)C(C)CCCC,0.9666103720664978
406,CCC(CC)COOCc1ccc(C)cc1,0.9664139151573181
407,C=CC(C)(O)CCCC(=O)CCCCC(CCCC)OOc1c(C)occc1=O,0.9663721323013306
408,C=C(C)C1CC=C(C)C(OCc2c(C)occc2=O)C1,0.9659255146980286
409,CCCCC(CC)C(=O)Cc1ccc(OC)cc1,0.965830385684967
410,CSCOC(=O)CCCC(C)C,0.9656818509101868
411,CCCCCCC(CC)OOC1=C(C)OC(C)C1=O,0.9655651450157166
412,CCC(C)CCCC=C(C)CCOC(=O)C(C)CC,0.9655580520629883
413,C=C(COC(=O)C(CC)SC)C1CC=C(C)CC1,0.9648832082748413
414,CCCCC(CC)C(=O)CCC1CCCCC1,0.9647621512413025
415,C=C(COC(=O)CCC=CCC)C1CC=C(C)CC1,0.9641406536102295
416,CCC(C)(O)C(=O)OCc1ccc(C)cc1,0.9641119837760925
417,CCCCC(CCCCC(=O)C(=O)CC(C)CC)Oc1c(C)occc1=O,0.9640783667564392
418,CC(C)c1ccc(COC(=O)C2CCCCC2)cc1,0.9639651775360107
419,C=C(COOC(CCCC)CCCCC(=O)C(C)(C)CCc1ccccc1)C1CC=C(C)CC1,0.9636514186859131
420,CCCC(=O)OCC(CC)CC,0.9635689854621887
421,CC(O)C(=O)OCc1ccccc1,0.9635136723518372
422,CSCC(=O)OCc1ccc(C)cc1,0.9634186029434204
423,C=CCC(C)C(=O)C(=O)COC(=O)C(C)=CC,0.9633519649505615
424,CCCCC(CC)C(=O)Cc1ccc(C)cc1,0.9630040526390076
425,COc1ccc(COC2=C(C)OC(C)C2=O)cc1,0.9629862904548645
426,COCc1ccccc1,0.9627635478973389
427,Cc1ccc(COCC=Cc2ccccc2)cc1,0.962742030620575
428,O=C(OC1CCCCC1)C1CCCCC1,0.9625709056854248
429,CCC=CCCCC(=O)C(CC)CCCC,0.9625278115272522
430,CCC=C(C)C(=O)OCC(C)c1ccccc1,0.9624457955360413
431,CCCCC(CC)C(=O)OCCCSC,0.9623340368270874
432,C=CC(C)=CCCOC1=C(C)OC(C)C1=O,0.962296187877655
433,CC=CCCCC(=O)C(O)C(O)C(=O)OC1=C(C)OC(C)C1=O,0.9622663855552673
434,CCC(C)(O)C(=O)OC1=C(C)OC(C)C1=O,0.9620477557182312
435,CCC=CCCC(=O)C(CC)CCCC,0.9620060324668884
436,C=CC(CCCCC)OOCC(C)C,0.9615796208381653
437,CCC=CC=CCOC1=C(C)OC(C)C1=O,0.9615117311477661
438,CC1=C(OC(=O)CCc2ccco2)C(=O)C(C)O1,0.9612774848937988
439,C=CC(CCCCC)OCc1ccc(C)cc1,0.961135745048523
440,CCCCCC(CO)OC1=C(C)OC(C)C1=O,0.9609634280204773
441,CC1=CCC(C(C)CCCC(=O)C(O)C(O)C(=O)OCc2ccco2)C=C1,0.9609141945838928
442,CCCCC(C)OCC(C)C,0.960135817527771
443,CCCC(=O)OC(C)CCC,0.9601237773895264
444,CCCCC(CCCCC(=O)OC(C)(C)c1ccccc1)OC(C)CO,0.9599278569221497
445,CCC=CCCOOC(CCCC)CCCCC(=O)C(CC)CCCCCC,0.9595279693603516
446,C=C(CCCC(=O)CCCCC(CCCC)OCCCC(C)CCO)C1CC=C(C)CC1,0.959487795829773
447,C=C(C)C1CC=C(COC(=O)C2OC2(C)c2ccc(C)cc2)CC1,0.9594217538833618
448,O=C1CCCC1CCOCc1ccccc1,0.9592359066009521
449,CC(=O)C(=O)OC1=C(C)OC(C)C1=O,0.959224283695221
450,CC(=CCOCc1ccc(C)cc1)CCCC(C)CCCC(C)CCCC(C)C,0.9591804146766663
451,CCCCC(CC)C(=O)C(C)C=O,0.9590902328491211
452,CC1=C(OC(C)CCCC(C)CCCC(C)CCCC(C)C)C(=O)C(C)O1,0.9590446352958679
453,CCCC(=O)CC(=O)C(C)C=O,0.9587125182151794
454,CCCC(=O)CC(=O)OC(C)(C)CCc1ccccc1,0.9586588144302368
455,C=CC(C)OC1=C(C)OC(C)C1=O,0.9586012363433838
456,C=C(C)C1CC=C(COC(CCCC)CCCCC(=O)OCCCC)CC1,0.9585412740707397
457,CC1=C(OCc2ccc(C(C)C)cc2)C(=O)C(C)O1,0.9583846926689148
458,C=CCc1ccc(C(=O)C(CC)CCCC)c(OC)c1,0.9583790898323059
459,CCCCCCCCOC(=O)C(C)C,0.9583691358566284
460,C=C(C)OC(CCCC)CCCCC(=O)C1CC=C(C)CC1,0.958265483379364
461,CCCCC(C)C(=O)C(C)CC(=O)CCC(C)CC,0.958095371723175
462,CC=Cc1ccc(OC(=O)C(CC)CCCC)c(OC)c1,0.9580312967300415
463,CCCCC(C=O)OCCC(S)CCC,0.9580312967300415
464,CCCCC(CCCCC(=O)CC(OCC)OCC)OC(=O)C(C)O,0.9575948119163513
465,CCCCC(CCCCC(=O)CCCC(C)CC=O)OCC=C(C)C,0.9574779272079468
466,C=C(CC(=O)CCCCC(CCCC)OOCC(C)CC)C1CC=C(C)CC1,0.9573016166687012
467,CCCC(=O)CC(=O)CC(C)CC,0.9572290778160095
468,CCCC(=O)CC(=O)C(=O)C(C)C,0.9571846127510071
469,CC=C(C)CC(=O)CCCCC(CCCC)OCC=CCC=CCC,0.9570168852806091
470,CCCCCCCC(=O)OCc1c(C)occc1=O,0.9569191932678223
471,Cc1occc(=O)c1OCOCCC1CCCC1=O,0.9568678736686707
472,CC(C)C(=O)CCOC(=O)CCCC1CCCCC1,0.9568196535110474
473,CC(C)=CCOCC(C)C,0.9563726782798767
474,CC(=O)CCc1ccc(OOCc2ccc(C)cc2)cc1,0.9563385844230652
475,C=C(COC(=O)CC(C)CC(C)(C)C)C1CC=C(C)CC1,0.956169068813324
476,CCCCC(C)OOCc1ccc(C)cc1,0.9560382962226868
477,CC1CCC(C(C)(C)OCc2ccccc2)C(=O)C1,0.9558460116386414
478,CCCC(=O)OCC(C)c1ccccc1,0.9555707573890686
479,CCCCC(CCCCC(=O)Cc1ccc(OC)cc1)OC(C)(C)Cc1ccccc1,0.9555436968803406
480,CCCCC(CC)C(=O)OC(C)(C)CCc1ccccc1,0.9555426836013794
481,CC1=C(OC(=O)C(C)O)C(=O)C(C)O1,0.9554264545440674
482,Cc1cccc(C(=O)C(O)C(O)C(=O)OCc2ccco2)c1,0.9553240537643433
483,C=C(COC(=O)C(C)(O)CC)C1CC=C(C)CC1,0.9551706910133362
484,O=C(CC1CCCCC1)OC1CCCCC1,0.954961359500885
485,CCCC(O)CCCC(=O)OCC1=CCC2CC1C2(C)C,0.9548113942146301
486,CCCC(=O)CC(=O)Cc1ccc(C)cc1,0.9545218348503113
487,CCCCC(CCCCC(=O)CC(C)c1ccccc1)OOC1CCCCC1,0.9544980525970459
488,CC1(C)C2CC=C(COC(=O)C3CCCCC3)C1C2,0.9543969631195068
489,CCC=CCC(=O)CC(=O)CCC,0.9542194604873657
490,CCCCC(O)C(=O)OC(C)CC,0.9538878202438354
491,CCCCCOC(C)(C)C1CCC(C)CC1=O,0.9536986351013184
492,CC(=CCCOCC1=CCC2CC1C2(C)C)CCOC(=O)C(C)C,0.9535466432571411
493,CCCCCC=CCCC(=O)CCCCC(CCCC)OC(CC)CCCCC,0.9532400965690613
494,CCC=CCC(=O)OC1=C(C)OC(C)C1=O,0.9528992176055908
495,CC1=C(OOc2ccc(C)cc2)C(=O)C(C)O1,0.9528756141662598
496,CC(=S)OC1=C(C)OC(C)C1=O,0.9526932835578918
497,Cc1ccc(COC(=O)CC2CCCCC2)cc1,0.9526292085647583
498,CCCC(=O)OCCC1CCCCC1,0.9524305462837219
499,Cc1ccc(COCC=CC=O)cc1,0.9523983001708984
500,C=CC(CCC)C(=O)CCCCCCCCC(=O)OCC(C)C,0.9522932171821594
501,Cc1ccc(COC(C=O)c2ccccc2)cc1,0.9522280097007751
502,CCC(=O)OCC(=O)CC1CCCCC1,0.9513359069824219
503,CCCCC(CCCCC(=O)C(=O)c1ccccc1N)OC(=O)C(C)CCC,0.9513019323348999
504,Cc1ccc(COC(=O)CCCCCC2CCCCC2)cc1,0.9512231945991516
505,Cc1ccc(COCCC2CCC(=O)O2)cc1,0.9511998891830444
506,CCCCC(CCCCC(=O)C(=O)c1ccccc1NCC)OOCc1ccc(OC)cc1,0.951192319393158
507,CCCCC(CC)C(=O)Oc1ccccc1C,0.9511231780052185
508,C=C(COC(=O)C(=O)CC)C1CC=C(C)CC1,0.9510490298271179
509,C=C(C)OC(=O)COC(=O)CC(O)CCCCC,0.9509803652763367
510,CCCCCC(=O)CCCC(=O)OCC1=CCC2CC1C2(C)C,0.9503793716430664
511,CCCCC(CC)C(=O)CC=CC=O,0.950346827507019
512,C=CCCCOC(CCCC)CCCCC(=O)OC(C)CC,0.9502402544021606
513,CCCCC(=O)C(C)C,0.9499730467796326
514,CCCCCCCCOOC1=C(C)OC(C)C1=O,0.949962854385376
515,CCCCCCOOC1=C(C)OC(C)C1=O,0.949962854385376
516,CCCCCCCCCCOOC1=C(C)OC(C)C1=O,0.949962854385376
517,CCCCCCCOOC1=C(C)OC(C)C1=O,0.949962854385376
518,CCCCCCCCCOOC1=C(C)OC(C)C1=O,0.949962854385376
519,CCC=CCCOC(=O)CCCC(C)C,0.9497618079185486
520,CCC=C(C)C(=O)OCCC1CCCCC1,0.949371337890625
521,C=C(C)C1CC=C(COC(=O)c2ccccc2NCC)CC1,0.9492995738983154
522,CSC(C)(C)C(=O)OCc1ccc(C)cc1,0.9491963386535645
523,CCCCC(CC)C(=O)CC(=O)CO,0.9487320184707642
524,CCCC(=O)CC(=O)C1CC=C(C)CC1,0.9486594200134277
525,C=C(C)C1CC=C(C)C(C(=O)C(C)COCC)C1,0.9484517574310303
526,CCC=C(C)C(=O)CC=CCO,0.9476615190505981
527,CCC=CCC=CCCCC=C(C)CCOC(=O)CCCC(C)C,0.9476288557052612
528,CC(COC(=O)CCc1ccccc1)c1ccccc1,0.9475602507591248
529,CCCCC(CC)C(=O)c1ccc(C=O)cc1OC,0.9474044442176819
530,C=C(C)COC(=O)CCCC,0.9472669959068298
531,CC(C)COC(=O)CCCCCCCCC(=O)CCS,0.9472631216049194
532,CCCCC(CC)C(=O)CC=Cc1ccccc1,0.9471670985221863
533,CCC(C)SC(=O)COCc1ccc(C)cc1,0.9470398426055908
534,Cc1ccc(COOCC(C)C)cc1,0.946975588798523
535,C=CC(CCC)C(=O)C(CC)CCCC,0.9468271136283875
536,CCCCCCCCCCCCCCC(=O)OC(CCCC)CCCCC(=O)CCCC(C)C,0.946818470954895
537,CCCCC(CC)C(=O)CC(C)C(=O)C(=O)C(N)CCCN,0.9466953873634338
538,CC1=C(OCCCC(C)C)C(=O)C(C)O1,0.946614146232605
539,CCC(=O)C(=O)OCc1ccc(C)cc1,0.9465835094451904
540,CCNC(=O)CCCCCCCCC(=O)OCC,0.9459392428398132
541,CCCCCC(CC)OOCc1ccc(C)cc1,0.9456307291984558
542,CCCCC(CC)C(=O)CC1=C(C)CCC(C)C1(C)C,0.9456217885017395
543,C=C(C)C1CCC(C)C(OC(=O)CCCCC(CCCC)OC(=O)CC)C1,0.9451301097869873
544,CCCCC(CC)C(=O)CCCC(C)C1C=CC(C)=CC1,0.9451234936714172
545,CC(=S)OCc1ccc(C)cc1,0.9448854327201843
546,CCCC(=O)CC(=O)Nc1ccc2c(c1)C(O)OC21c2ccc(O)cc2Oc2cc(O)ccc21,0.9445382952690125
547,CCCCCC=CC(C)=O,0.9438428282737732
548,CCCCCC(CC)C(=O)CCCCC(CCCC)OCCCC(C)C1C=CC(C)=CC1,0.9437728524208069
549,CCCCCC(C)C(=O)C(CC)CCCC,0.9436386823654175
550,CCC=CCC(=O)OCc1ccc(C)cc1,0.9434643983840942
551,CCC(=O)COC1=C(C)OC(C)C1=O,0.9429560899734497
552,CCCCC(CCCCC(=O)c1ccccc1)OC(C)(C)C1CCC(C)CC1=O,0.9427794218063354
553,CCCCOCC(=O)C(C=O)CCCC,0.9425805807113647
554,CCC=CCCCCCC(=O)C(CC)CCCC,0.94241863489151
555,C=C(C)C1CC=C(C)C(OC(=O)CCCCCCCCC(=O)Cc2ccco2)C1,0.9422178864479065
556,CCC(CC)COC(=O)C(O)C(O)C(=O)OC(C)(C)c1ccccc1,0.9421999454498291
557,C=C(C)CC(=O)C(CC)CCCC,0.9421296119689941
558,CCCCCC(=O)COC(=O)CC1(C)OCCO1,0.941845715045929
559,CCCC(=O)CC(=O)CCC=C(C)C,0.9417446255683899
560,CCCCC(CC)C(=O)CCC(C)(C)S,0.9417293071746826
561,CCC=C(C)C(=O)C(C)(C)C1CCC(C)CC1=O,0.9414090514183044
562,CCCCC(=O)C(O)C(O)C(=O)OC(C)OCC,0.9412147998809814
563,CC=CC(C)C(=O)C(=O)CCCCC(CCCC)OOC(C)(C)c1ccccc1,0.9410116672515869
564,CCCCC(CC)C(=O)C(C=O)C(C)C,0.9407991170883179
565,CC(=O)CCCOC1CCCCC1,0.9407336711883545
566,C=CC(C)=CCCC(=O)C(O)C(O)C(=O)OC(C)(C)c1ccccc1,0.9405302405357361
567,CC1=CCC(OC2=C(C)OC(C)C2=O)CC1,0.9403389692306519
568,CCCCC(CCCCC(=O)CCC(CCC)SC)OOC1CCCCC1,0.9403125047683716
569,CCCCC(CC)C(=O)C(=O)CCC(C)=O,0.9401410818099976
570,CCCCCCCCOC(=O)C(CC)CCCC,0.9400612115859985
571,CCCCCCCCCCOC(=O)C(CC)CCCC,0.9400612115859985
572,CCOCCOC1=C(C)OC(C)C1=O,0.9399060606956482
573,CCCC(=O)CC(=O)C(=O)C(C)CCCCC(C)CCO,0.9398040175437927
574,CCCCC(CCCCC(=O)CC(C)=CCCC1(C)C2CC3C(C2)C31C)OC(C)(C)Cc1ccccc1,0.9397012591362
575,C=C(COC(C=O)CCCC)C1CC=C(C)CC1,0.9396955966949463
576,CC1=C(OOC(C)(C)Cc2ccccc2)C(=O)C(C)O1,0.9392182230949402
577,CC=CC(=O)OC1=C(C)OC(C)C1=O,0.9391397833824158
578,CCCC(=O)CC(=O)CC(=O)CC,0.9388996958732605
579,CC1=C(OC(C)CCc2ccccc2)C(=O)C(C)O1,0.93875652551651
580,CCCCC(CC)C(=O)C1CC(C)CC(C)(C)C1,0.9385480284690857
581,CCC=CCC(=O)C(O)C(O)C(=O)OCC(CC)CC,0.9384388327598572
582,CCCCCCC1CC(OCC2=CCC3CC2C3(C)C)CO1,0.9378347396850586
583,CCCCC(C=O)OC1CCCCC1,0.9376511573791504
584,Cc1ccc(CC(C)(C)C2CCC(C)CC2=O)cc1,0.937505841255188
585,CCCCC(CC)C(=O)C(=O)C(C)CCC,0.9373568296432495
586,CCCCC(CCCCC(=O)CCC(C)(C)S)OCc1ccc(OC)cc1,0.9371062517166138
587,CCCCC(C=O)CCCC(C)=O,0.937076985836029
588,CC1=C(OOC2CCCCC2)C(=O)C(C)O1,0.9367727637290955
589,CCCCC(CC)C(=O)C(=O)C(C)=O,0.9364382028579712
590,CCCCC(=O)OCCC1CCCCC1,0.9364145994186401
591,CCCCC(CCCCC(=O)OCc1ccccc1)OCCC(C)CCCC(C)C,0.9360642433166504
592,CC1=C(OCC2OCC(C)O2)C(=O)C(C)O1,0.9354766607284546
593,Cc1occc(=O)c1OOC1CCCCC1,0.935052216053009
594,Cc1occc(=O)c1OC1CCCCC1,0.9346171617507935
595,C=CC1(C)CCC(C(C)(C)OC(=O)CCCCCCCCC(=O)CC=CC=CCC)O1,0.9341844320297241
596,CCC(CC)C(=O)C(=O)COC(=O)c1ccccc1OC,0.9339296817779541
597,CC1=C(OC2OC(=O)c3ccccc32)C(=O)C(C)O1,0.9339221119880676
598,CCCCC(CCCCC(=O)C1OC(=O)C(C)=C1C)OC(C=O)CSC,0.933289110660553
599,CCCCC(C=O)C(=O)c1ccccc1OC,0.9332588315010071
600,C=C(C)OC1=C(C)OC(C)C1=O,0.9331408739089966
601,CCCC(=O)OC1=C(C)CCC1=O,0.932915985584259
602,CCCCC(CC)COOC1=C(C)OC(C)C1=O,0.9326407313346863
603,CCCCC(CCCCC(=O)OCc1ccccc1)OC(=O)C(N)CCCN,0.9325745701789856
604,C=C(COCC(=O)SC(C)CC)C1CC=C(C)CC1,0.9325582981109619
605,CCCCC(CC)C(=O)C(C)(C)C1CCC(C)CC1=O,0.9324120283126831
606,CCCCCC(CC)OC(=O)CCc1ccccc1,0.9321837425231934
607,CCCC(=O)CC(=O)Cc1ccccc1OC,0.9320226907730103
608,C=C(C)C1CC=C(C)C(OOCc2ccc(C)cc2)C1,0.9318562150001526
609,CCCCC(CCCCC(=O)OCSC)OCC=CC=O,0.9313259124755859
610,CCCCCC=CCCOC1=C(C)OC(C)C1=O,0.9312945008277893
611,Cc1ccc(COCc2ccc(C)cc2)cc1,0.9312386512756348
612,C=C(C)C1CC=C(COC(=O)C(O)CC(C)C)CC1,0.9306637048721313
613,CCC(C)COOC1=C(C)OC(C)C1=O,0.9299566745758057
614,CCC=C(C)C(=O)C(C)CCC,0.9296383857727051
615,CCCC(=O)OC(C)(C)C1CCC(C)CC1,0.929597020149231
616,CCCCOc1ccc2ccccc2c1,0.9295701384544373
617,CC(C)COC(=O)CC1(C)OCCO1,0.9295469522476196
618,CC(C)CCCC(=O)C(C)C,0.9289705753326416
619,CCNc1ccccc1C(=O)OCc1ccccc1,0.9286924004554749
620,CCC(C)CC(=O)CCCCCCCCC(=O)C(C)C1CC=C(C)CC1,0.9286720156669617
621,CCCCC(CCCCC(=O)C1CCC2(C)OC2C1=O)OOCc1ccc(OC)cc1,0.9285837411880493
622,CCCCC(CC)COC(=O)C(C)C,0.9275818467140198
623,CC=CC(=O)C(=O)CCCCC(CCCC)OOC1CCCCC1,0.9275752902030945
624,CCCCC(CCCCC(=O)c1ccccc1)OC(=O)C(C)C,0.9275000095367432
625,COc1ccccc1OC(=O)C(C)C,0.9274031519889832
626,CCCCCCCCCCCCOC(=O)CCC,0.9262482523918152
627,CCCCC(CC)C(=O)OCCc1ccc(O)c(OC)c1,0.9262405633926392
628,CCCCCCC1CC(OC(C=O)CCCC)CO1,0.9257940649986267
629,O=C(OC1CCCCC1)C1CC2C=CC1C2,0.9253678917884827
630,CCCCC(CC)C(=O)CC(OC)OC,0.9252101182937622
631,CC1=C(Oc2cccc(C)c2)C(=O)C(C)O1,0.9251400232315063
632,CCCCCCC1CC(OC(=O)CCCC)CO1,0.9246646165847778
633,CCC(OCc1ccc(C)cc1)c1ccccc1,0.9246435165405273
634,CCCCC(CCCCC(=O)C(C=O)CC)OOC1CC(C)CCC1C(C)C,0.924462616443634
635,CCCCC(=O)C(C=O)CCCC,0.9244321584701538
636,CC(=CCCC1CCC(C)=CC1=O)CCOC(=O)CC1CCCCC1,0.9243262410163879
637,C=CC1(C)CCC(C(C)(C)OC2=C(C)OC(C)C2=O)O1,0.9242711067199707
638,CCCCC(CC)C(=O)c1cccc(C)c1,0.9240460991859436
639,CCC=CC(=O)OC(CCCC)CCCCC(=O)C(=O)C1CC2C=CC1C2,0.9240374565124512
640,Cc1ccc(COC(=O)c2c(F)c(F)c(F)c(F)c2F)cc1,0.9240363240242004
641,CCCCC(CC)C(=O)C(=O)CC1(C)OCCO1,0.9236919283866882
642,C=CCSCC(N)C(=O)OC(CCCC)CCCCC(=O)OCC(=C)C,0.9230023622512817
643,CCCCC(CCCCC(=O)CCO)OC(C)(C)CCc1ccccc1,0.9227842688560486
644,CCCCOc1c(C)occc1=O,0.9225518703460693
645,CCCC(=O)CC(=O)C(=O)c1ccccc1OC,0.9222714900970459
646,CCCC(=O)CC(=O)CC,0.922055184841156
647,CCCC=CCC(=O)C(CC)CCCC,0.921955943107605
648,CCCCC(CC)C(=O)CCCC(C)CC=O,0.9218563437461853
649,CCCCC(CC)C(=O)OCCC(CCC)SC,0.9213271141052246
650,CCCCC=CCOC(CCCC)CCCCC(=O)OCCC(S)CCC,0.921093761920929
651,CC1=CCC(COCCC2CCCC2=O)CC1,0.9209631681442261
652,CC=CC(=O)C(=O)C(CC)CCCC,0.920780599117279
653,CCC=CCC=CCC(=O)CCC,0.920701801776886
654,CCCCCOC(=O)CCc1ccccc1,0.9203714728355408
655,CCC=CCC=CCCC(=O)CCC,0.9200538992881775
656,C=C(C)OC(=O)C(O)C(O)C(=O)C(=O)C(C)=CC,0.9200063943862915
657,C=CC(CCC)OC(=O)CCCCC(CCCC)OCCCC,0.9198103547096252
658,CC1=CCC(CCOC(=O)CCc2ccccc2)C1(C)C,0.9195629358291626
659,CCC=CCCCCCOC(=O)C(CC)CCCC,0.9195043444633484
660,CC1=C(OCC=CC=O)C(=O)C(C)O1,0.9194803833961487
661,CCCCOC(CCCC)CCCCC(C)=O,0.9192563891410828
662,CC=C(C)C(=O)OCc1ccc(C)cc1,0.9189087748527527
663,Cc1ccc(COC(C)(C)CCc2ccccc2)cc1,0.9179418683052063
664,C=C(COC(=O)CCCCCCCCCCCCCCC)C1CC=C(C)CC1,0.917729377746582
665,C=C(COC(=O)CCCCCCCCCCCCCCCCC)C1CC=C(C)CC1,0.917729377746582
666,CCC=C(C)C(=O)CC(C)CC,0.9176989197731018
667,CCCCC(CCCCC(=O)C(C)C=CC1=C(C)CCCC1(C)C)OC,0.9171453714370728
668,C=CC(=C)CCCC(C)(C)OC(=O)C(CC)CCCC,0.916304349899292
669,CCCCCCC1CC(OCCCC)CO1,0.9162687659263611
670,CC1=CCC(CCOOC2=C(C)OC(C)C2=O)C1(C)C,0.915858268737793
671,C=C(C)OCC(C)C,0.9158264994621277
672,C=C(CCCC(=O)CCCCC(CCCC)OC1CC(C)CCC1C(C)C)C1CC=C(C)CC1,0.9154788851737976
673,CCCC(=O)CC(=O)CC=CC=O,0.9147645831108093
674,C=C(COCc1ccc(C)cc1)C1CC=C(C)CC1,0.9143014550209045
675,Cc1occc(=O)c1COOc1c(C)occc1=O,0.9139286279678345
676,C=C(C)C1CC=C(C)C(OC2=C(C)OC(C)C2=O)C1,0.9138844013214111
677,C=CC(CCCCC)C(=O)C(CC)CCCC,0.9136344790458679
678,Cc1ccc(COOCCC(C)C)cc1,0.9130964279174805
679,CCC(Cc1ccccc1)C(=O)C(C)(C)C1CCC(C)CC1=O,0.9129583239555359
680,CCCCC(CC)C(=O)OC1CC(C)CC(C)(C)C1,0.9129289984703064
681,CC1=C(OC(=O)CC2CCCCC2)C(=O)C(C)O1,0.9128532409667969
682,CCCCC(=O)CCCC(C)C,0.9126044511795044
683,CCCCC(CC)C(=O)C(=O)CCc1ccco1,0.9122975468635559
684,CCCCC(CC)C(=O)C(=O)c1ccccc1N,0.9121913909912109
685,CCCCC(CCCCC(=O)CCC(C)CCCC(C)C)OOCc1ccccc1,0.9121547341346741
686,CC1=CCC(C(C)CCCC(=O)CCCCCCCCC(=O)OCc2ccc(C(C)C)cc2)C=C1,0.9119300842285156
687,CC1=C(C=CC(C)C(C)(C)C2CCC(C)CC2=O)C(C)(C)CCC1,0.9118271470069885
688,CCC(Cc1ccccc1)C(=O)C(=O)C(C)C,0.911733090877533
689,C=CC(C)(O)CCCC(=O)CCCCCCCCC(=O)OCC(C)C,0.9114498496055603
690,CC1=CCC(CCOCc2ccc(C)cc2)C1(C)C,0.9111849069595337
691,CC1=C(OC(=O)c2c(F)c(F)c(F)c(F)c2F)C(=O)C(C)O1,0.9106754064559937
692,CCC(C)COCc1ccc(C)cc1,0.9102247953414917
693,CCCCCC(C(C=O)CCCC)C(OC)OC,0.9096272587776184
694,CCCC(O)CCCC(=O)OCCC(C)=CCCOC(C)C,0.9093943238258362
695,CCC(C=O)C(=O)C(C)C,0.9092287421226501
696,C=CC1(C)CCC(C(C)(C)C(=O)C(CC)CCCC)O1,0.9090527892112732
697,CC(=O)C(=O)OCc1ccccc1,0.9089930653572083
698,CCCCC(CC)C(=O)NCC(C)C,0.9084016680717468
699,CCCCC(CC)C(=O)CC(CC)CC,0.908338725566864
700,CCCC(CCOC(=O)C(C)C)SC,0.9081966876983643
701,CC1=CCC(C)C(C)(C)C1COCc1ccc(C)cc1,0.9080986976623535
702,CCCCCCCCCCCCCCC(=O)OCc1ccc(C)cc1,0.9078394174575806
703,CCCCCCCCCCCCCC(=O)OCc1ccc(C)cc1,0.9078394174575806
704,CCCCCCCCCCCCCCCC(=O)OCc1ccc(C)cc1,0.9078394174575806
705,CCCCCCCCCCCC(=O)OCc1ccc(C)cc1,0.9078394174575806
706,CC1=C(OCCO)C(=O)C(C)O1,0.9077549576759338
707,CCCCCCC(C=O)OCc1ccc(C)cc1,0.9070813059806824
708,CCCCC(=O)C(O)C(O)C(=O)OCCC1CCCCC1,0.9070077538490295
709,CCCCC(CC)C(C)=O,0.9070013761520386
710,CCCCCC(C)OCCC(C)=CCCC1CCC(C)=CC1=O,0.9068914651870728
711,CCC=CC(=O)OCC(=O)CC1CC=C(C)C1(C)C,0.9067334532737732
712,CCCCC(C(C)=O)C(=O)C(C)(C)C1CCC(C)CC1=O,0.9067065715789795
713,C=C(COOCC(CC)CC)C1CC=C(C)CC1,0.9057424664497375
714,CCCCC(CC)C(=O)C(=O)C(C)(O)CC,0.9049331545829773
715,C=CCSCC(N)C(=O)C(=O)C(CC)CCCC,0.9035060405731201
716,CCCCC(CC)C(=O)C(=O)CCCC(C)C,0.9017159938812256
717,CCCCC=CCCOC1=C(C)OC(C)C1=O,0.901679277420044
718,CCC(C(C)=O)C(=O)CCC=C(C)CCOC1OC(=O)c2ccccc21,0.9012596011161804
719,Cc1cccc(OCOCCC2CCCC2=O)c1,0.9011118412017822
720,CC1=CCC(C(C)=CCCOC2=C(C)OC(C)C2=O)CC1,0.9006472826004028
721,C=C(C)CCCC(C)CCOC(=O)CCCCC(CCCC)OCCCC(C)CCO,0.9005947709083557
722,CCCC(=O)CC(=O)OCCC(CCC)SC,0.9001765251159668
723,CCCCC(CCCCC(=O)OC(C)(C)c1ccccc1)ONc1cccc(Cl)c1,0.8999795913696289
724,CC(=O)CCc1ccc(OC(C)(C)C2CCC(C)CC2=O)cc1,0.8998422026634216
725,C=C(C)C1CC=C(COC(=O)CCCCCCCCCCCCCC)CC1,0.8998130559921265
726,CSCCCC(=O)OC1CCCCC1,0.8983529806137085
727,C=CC=CCC(=O)C(CC)CCCC,0.8983325958251953
728,COc1cc(C=O)ccc1OC1=C(C)OC(C)C1=O,0.8979899287223816
729,CC1CCC(C(C)(C)CC(=O)C(C)C)C(=O)C1,0.8979188799858093
730,CCCCC(C=O)C(=O)C(C)C,0.8975357413291931
731,CCCCC(C=O)c1ccc(C)cc1,0.8974877595901489
732,CC=CC(C)C(=O)CCCC,0.8973701596260071
733,CC=CCCOC1=C(C)OC(C)C1=O,0.8965235948562622
734,CCCCCCCCCCOC(=O)C(O)C(O)C(=O)CC1=C(C)CCCC1(C)C,0.8964722156524658
735,CCCC(=O)CC1OCC(C)O1,0.8960434198379517
736,CCC(C)(O)CCCOC1=C(C)OC(C)C1=O,0.8957810401916504
737,CC=CCC(C)(C)C1CCC(C)CC1=O,0.8956817984580994
738,C=CC(C)=CCCOCc1ccc(C)cc1,0.8951389193534851
739,C=CC(C)(C)C(=O)CC(=O)CCCCC(CCCC)OC(=O)C(=O)CC,0.8949756622314453
740,C=CCc1ccc(COOc2c(C)occc2=O)c(OC)c1,0.8947334289550781
741,CCC=CC(=O)OCC(=O)C(=O)C(N)CCCN,0.8946734666824341
742,CCCCC(=O)C(O)C(O)C(=O)C(=O)C(C)CC,0.8936454653739929
743,CCCCCC=CCCC(=O)C(CC)CCCC,0.8926582932472229
744,C=C(C)C1CC=C(COC(=O)C2CC3C=CC2C3)CC1,0.8921587467193604
745,CCCCC(C=O)C1CCCCC1,0.8907728791236877
746,CCC(C)C(=O)C(C)C,0.890735924243927
747,CCC=CCCC(=O)OC1=C(C)OC(C)C1=O,0.8901757001876831
748,CCC(C)CC(=O)C(=O)C1CCCCC1,0.8901395201683044
749,CCC=CC=CCC(=O)C(C)C,0.8896007537841797
750,C=CCCCC(=O)CCCCC(CCCC)OC(=O)CSC,0.8890855312347412
751,CCCCOC,0.8887750506401062
752,CCCCCOOC(CCCC)CCCCC(=O)C(CO)CCCCC,0.8886706233024597
753,C=CCCCCCCCC(=O)OCC1=CCC2CC1C2(C)C,0.888648271560669
754,O=CC(OCc1ccccc1)c1ccccc1,0.8883038759231567
755,CCCCC(CCCCC(=O)C(=O)C1CCCCC1)OOCC(C)CC,0.8877282738685608
756,CC1=C(OOc2cccc(C)c2)C(=O)C(C)O1,0.887657642364502
757,CCCCC(CCCCC(=O)C(=O)C(CC)C(C)=O)OC(=O)C(Cc1ccccc1)C(C)=O,0.8876354098320007
758,CCCCCCCCCCOC1=C(C)OC(C)C1=O,0.8875190019607544
759,CCCCCCCCCCCCOC1=C(C)OC(C)C1=O,0.8875190019607544
760,CC1=C(OOCCCc2ccccc2)C(=O)C(C)O1,0.8870446085929871
761,C=CC1(C)CCC(C(C)(C)OOC2CCCCC2)O1,0.8865418434143066
762,CCCCCC=CCC(C)(C)C1CCC(C)CC1=O,0.8865392208099365
763,COc1ccccc1C(=O)C(=O)C(C)C,0.8864713311195374
764,CCC(C)CC(=O)CCCCCCCCC(=O)OC(C)(C)CCc1ccccc1,0.8862939476966858
765,C=CCCCCCCCC(=O)CC(C)C(=O)OCC(C)c1ccccc1,0.8855577707290649
766,CCCCC(CC)C(=O)Nc1cccc(Cl)c1,0.8853442072868347
767,CCCC=CCCC(=O)C(CC)CCCC,0.8851968050003052
768,CC=CC(C)C(=O)C(=O)CCCCC(CCCC)OCCCC,0.8845548033714294
769,CCCCCC(=O)CCCCC(CCCC)OC1=C(C)CCC1=O,0.8837449550628662
770,CCCCC(O)C(=O)OCCC(C)(C)S,0.8837133049964905
771,CCCCCCCCCC(=O)C(CC)CCCC,0.8836996555328369
772,CCCCC(=O)CCC,0.8835644125938416
773,CCCCC(CC)C(=O)OC1C2(C)CCC(C2)C1(C)C,0.8835455179214478
774,CCCCC(C)CCC=C(C)CCOC(=O)CCc1ccccc1,0.8830671310424805
775,CCCCC(C=O)C(=O)CCC(C)C,0.8827793598175049
776,CCCCOC1CCCCC1,0.8821942806243896
777,CC=Cc1ccc(OC2=C(C)OC(C)C2=O)c(OC)c1,0.8821213841438293
778,CC1=C(OC(C)(C)c2ccccc2)C(=O)C(C)O1,0.8818840384483337
779,CCC=CCC(=O)C(=O)C(CC)CCCC,0.8816916942596436
780,C=C(COOCC(C)C)C1CC=C(C)CC1,0.8809837102890015
781,CCCCc1c(C)occc1=O,0.880459725856781
782,C=C(C)CCCC(C)CCOC(=O)CCCCCCCCC(=O)CCC(S)CCC,0.8802849650382996
783,CC1=C(OCC(O)C=O)C(=O)C(C)O1,0.8797168731689453
784,CCCCC(CCCCC(=O)NC1C(C)(C)SC1(C)C)OC(=O)C(C)O,0.8789738416671753
785,CC=C(C)C=CCC(=O)CCCCC(CCCC)OC(C)C1CC=C(C)C1(C)C,0.8780233860015869
786,CCCCCCCCCCCCCCC(=O)OC(CCCC)CCCCC(=O)CCCC(C)CCO,0.8774656057357788
787,CC1=C(OCCCC(C)(C)O)C(=O)C(C)O1,0.8774414658546448
788,C=CCCCCCCCCC(=O)OC1CCCCC1,0.8771817088127136
789,CCCCC(C=O)C(=O)C(O)CC(C)C,0.8765053153038025
790,CCCCC(CC)C(=O)OC12CCCC(C)(CCC3C1CC3(C)C)C2,0.8764005303382874
791,CCOCCC(=O)C1CCCCC1,0.876211404800415
792,CCCCC(C=O)c1ccccc1,0.8759371042251587
793,C=CCCCOC(CCCC)CCCCC(=O)CCCC(=C)C,0.8758140206336975
794,CCCCC(CC)C(=O)CC12OC1(C)CCCC2(C)C,0.8757616281509399
795,CC1=C(OCCCO)C(=O)C(C)O1,0.8756985664367676
796,CCCCC(CC)C(=O)C(C)C(C)=O,0.8755047917366028
797,CCCCC(CC)C(=O)C(C)OCCC,0.8751659989356995
798,CCCCCCC(C=O)C(C)(C)C1CCC(C)CC1=O,0.8750901222229004
799,CCCCC(CC)C(=O)CCC1CCC(=O)O1,0.8746528029441833
800,COC1CCCCC1,0.8744992613792419
801,CC1=C(C=CC(C)OC2=C(C)OC(C)C2=O)C(C)(C)CCC1,0.8744634389877319
802,CCC=CCCOC(=O)CCc1ccccc1,0.8722877502441406
803,C=CCCCCCCCC(=O)CC(C)C(=O)OCCCCCCCCCC,0.8717036247253418
804,CCCC(=O)CC(=O)OC(C)c1ccccc1,0.8714947700500488
805,CCC=CCCOOC1=C(C)OC(C)C1=O,0.8702535629272461
806,CCC=CCCC(=O)OC1CCCCC1,0.8700910806655884
807,CCCCC(C=O)C1OC(=O)C(C)=C1C,0.8692584037780762
808,CCCCC(=O)CC(OCC)OCC,0.868926465511322
809,CCCCC(C=O)C(=O)CCCN,0.8686167597770691
810,CCCCC(=O)C1OC1(C)c1ccc(C)cc1,0.8680431842803955
811,CCCCCCC(CC)OC(=O)CCCC,0.8675380349159241
812,CCCCCCCC(O)CCCC(=O)OCC1=CCC2CC1C2(C)C,0.8672147989273071
813,CCC=CCC=CCC(=O)C(C)=CCC,0.8664782047271729
814,CCCCC(CCCCC(=O)C(=O)c1ccccc1NCC)OC=O,0.8661640286445618
815,CC=CC(C)C(=O)C(=O)CCCCC(CCCC)OC(=O)CCCCCC,0.86506187915802
816,CC(C)COC1CCCCC1,0.8649186491966248
817,Cc1ccc(COC(C=O)C(C)C)cc1,0.8644962906837463
818,COc1ccccc1C(=O)OCc1ccc(C)cc1,0.8635116219520569
819,CC1=CCC(C(C)(O)CCCOCc2ccc(C)cc2)CC1,0.8633361458778381
820,CC1=C(OCC2=CCC3CC2C3(C)C)C(=O)C(C)O1,0.8633122444152832
821,CCCC(=O)CC(=O)C(=O)C(CC)C(C)=O,0.8632336258888245
822,O=C(CC(=O)c1ccccc1)OC1CCCCC1,0.8630348443984985
823,CCC=CCC=CCCOCc1ccc(C)cc1,0.8628213405609131
824,CCC=C(C)C(=O)Cc1ccccc1OC,0.8627107739448547
825,CCC(C(=O)OC1=C(C)OC(C)C1=O)(C(C)C)C(C)C,0.862294614315033
826,CCCCC=CCOCc1ccc(C)cc1,0.8620083928108215
827,CCC=C(C)C(=O)CCC1CCCC1=O,0.8618899583816528
828,CCCCC(=O)Cc1ccc(C(C)(C)C)cc1,0.8616016507148743
829,Cc1ccc(COC(=O)C(=O)Cc2ccccc2)cc1,0.8613585233688354
830,CC=CC(C)C(=O)C(=O)C(C)C,0.8613069653511047
831,CC(C)COC(=O)Cc1ccc(C(C)(C)C)cc1,0.8611291646957397
832,CC=Cc1ccc(OC(CCCC)CCCCC(=O)C(=O)C(C)C)c(OC)c1,0.8610920310020447
833,CC1=C(OCCCCO)C(=O)C(C)O1,0.8609832525253296
834,CCOC(C)OC(C)(C)C1CCC(C)CC1=O,0.8605998754501343
835,CCCC(CCOOC1=C(C)OC(C)C1=O)SC,0.860443651676178
836,CCCCCCCC(O)CCCC(=O)OC1=C(C)OC(C)C1=O,0.8602562546730042
837,CCCCCC(C(=O)CCCC)C(OC)OC,0.8601204752922058
838,Cc1occc(=O)c1OC(=O)CCCC(C)C,0.8601119518280029
839,C=CC1(C)CCC(C(C)(C)OOCc2ccc(C)cc2)O1,0.859969437122345
840,CCCCC(C=O)CC=C(C)CCCC(C)CCCC(C)CCCC(C)C,0.8595517873764038
841,CCCC(=O)CC(=O)C(=O)CC(C)CC(C)(C)C,0.859548032283783
842,CCCCC(CCCCC(=O)C=O)OCc1ccc(OC)cc1,0.8593302965164185
843,CC=CC(=O)CCC=C(C)CCOC(=O)CC(C)C,0.859097421169281
844,Cc1ccc(CONc2ccc3ccccc3c2)cc1,0.8590707182884216
845,CCCCC(=O)C(C)CC,0.8589830994606018
846,CCOCCOCc1ccc(C)cc1,0.8588089346885681
847,CCCCC(CC)C(=O)C1=C(C)CCC1=O,0.8584799766540527
848,CCCCCCCCCCCCCCC(=O)OC1CCCCC1,0.858374834060669
849,CCCCCCCCCCCC(=O)OC1CCCCC1,0.858374834060669
850,C=CCCCCCCCCCC(=O)C(C=O)CCCC,0.8583551645278931
851,Cc1occc(=O)c1OOCC(=O)CCC1CCCC1=O,0.8582653403282166
852,CC1=C(OCC=Cc2ccccc2)C(=O)C(C)O1,0.8579428195953369
853,C=C(C)OC(CCCC)CCCCC(=O)C(C)(C)CCc1ccccc1,0.8578692674636841
854,C=C(COC1=C(C)OC(C)C1=O)C1CC=C(C)CC1,0.8578522801399231
855,CCCCC(CC)CCCC=C(C)CCOC(=O)Cc1ccc(C(C)(C)C)cc1,0.8567859530448914
856,C=CC1(C)CCC(C(C)(C)OCC(C)C)O1,0.85673588514328
857,CCCCC(CC)C(=O)c1ccc(C)cc1,0.8563947081565857
858,CC=C(C)C(=O)OC1=C(C)OC(C)C1=O,0.8554894328117371
859,C=CC1(C)CCC(C(C)(C)OOC2=C(C)OC(C)C2=O)O1,0.8552412390708923
860,CCC=CCCOC(=O)CCCCCCCCC(=O)C(C=O)CCCCC,0.8548577427864075
861,CCCCCC(OCC)OCC,0.8543941974639893
862,C=CCSCC(N)C(=O)OCC(=O)C(C=O)CCCC,0.8528107404708862
863,CCCCC(C=O)OCC(=O)CC(O)C=O,0.8527422547340393
864,CCCCC(CCCCC(=O)CCCC(C)C=O)OC(=O)CCSCC,0.8523272275924683
865,CCC=C(C)C(=O)CCCC,0.8520894646644592
866,C=C(CC=O)CCCC(=O)C(CC)CCCC,0.8508479595184326
867,CCCC(=O)CCC1CCCC1=O,0.8503764867782593
868,C=CC(=C)CCCC(C)(C)OC(=O)C(O)C(O)C(=O)CCCC,0.8491148948669434
869,CC=CC(=O)C(=O)CCCCC(CCCC)OOCc1ccc(OC)cc1,0.8485816717147827
870,C=CC1(C)CCC(C(C)(C)C(=O)CC(=O)CCC)O1,0.848503589630127
871,CCCCC(=O)C1CCCCC1,0.848491370677948
872,CCCCC(CCCCC(=O)OCSC)OCCCC(C)CCO,0.8484330177307129
873,CCCCCCC=CCOC1=C(C)OC(C)C1=O,0.8481252789497375
874,CCCCCCCC=CCOC1=C(C)OC(C)C1=O,0.8481252789497375
875,CCCCCCCCCC=CCOC1=C(C)OC(C)C1=O,0.8481252789497375
876,C=C(COOCC(=O)CCCCCCCCCCCCCC)C1CC=C(C)CC1,0.8479963541030884
877,C=CC(C)(O)CC(C)OC(CCCC)CCCCC(=O)NC1C(C)(C)SC1(C)C,0.8466691970825195
878,C=CC(=C)CCCC(C)(C)OCC(=O)CC(CCC(C)=O)C(C)C,0.8454448580741882
879,C=C(COC(=O)c1ccccc1N)C1CC=C(C)CC1,0.8447237610816956
880,Cc1ccc(COOC(C)(C)Cc2ccccc2)cc1,0.8446197509765625
881,CC1(CC(=O)OCc2ccccc2)OCCO1,0.8429681062698364
882,Cc1ccc(CONC2C(C)(C)SC2(C)C)cc1,0.8429037928581238
883,CCCCC(CC)C(=O)C(C)=S,0.842801570892334
884,CC1=C(ONCC(C)C)C(=O)C(C)O1,0.8427292704582214
885,CCCCC(CC)C(=O)C1CC(C)CCC1C(C)C,0.8422622084617615
886,C=C(COCC(=O)O)C1CC=C(C)CC1,0.8417826294898987
887,CCCCC(CC)C(=O)C12CCCC(C)(CCC3C1CC3(C)C)C2,0.8414247632026672
888,C=CCOC(C=O)CCCC,0.8413847088813782
889,CC=Cc1ccc(C(=O)C(O)CCCC)c(OC)c1,0.8409374356269836
890,C=C(C)C1CC=C(C)C(OCOC(C)(C)c2ccccc2)C1,0.8399409651756287
891,C=C(CCCC(=O)CCCC(C)C)C1CC=C(C)CC1,0.8394941091537476
892,Cc1ccc(COC(C)CCCC(C)CCCC(C)CCCC(C)C)cc1,0.8389485478401184
893,C=C(CC(=O)CCCCC(CCCC)OC1CC(C)CC(C)(C)C1)C1CC=C(C)CC1,0.8389483690261841
894,CC1=C(OCC2OCCO2)C(=O)C(C)O1,0.8387762308120728
895,CCCCC(O)C(=O)C(=O)C(C)C,0.8383758068084717
896,O=CCOC1CCCCC1,0.8381810188293457
897,CC(=O)C(C)OCc1ccc(C)cc1,0.8374971151351929
898,CC(CCO)CCCC(=O)C(C)C,0.8365231156349182
899,C=C(C)OOCCC(C)=CCCC(=O)CCCC(=O)CCCCC,0.8361322283744812
900,CCCCCC(CO)OC(CCCC)CCCCC(=O)CC(C)=CCCC1(C)C2CC3C(C2)C31C,0.8355241417884827
901,CSCOCc1ccc(C)cc1,0.835246205329895
902,C=C(COCc1ccc(OC)cc1)C1CC=C(C)CC1,0.834088921546936
903,CC1=CCC(C(C)=CCCOCc2ccc(C)cc2)CC1,0.8337906002998352
904,CCC=C(C)C(=O)C(C)(C)C1CCC(C)CC1,0.8337069153785706
905,C=C(CCCOC1CCCCC1)C1CC=C(C)CC1,0.8335450291633606
906,CCCCC(CC)C(=O)CC(C)C(=O)C(=O)C(CC)SC,0.8333442211151123
907,CC1=C(OCC(C)c2ccccc2)C(=O)C(C)O1,0.8331646919250488
908,Cc1ccc(COCC(=O)CO)cc1,0.8328794836997986
909,CC=CC(=O)CCCC,0.8327381014823914
910,CCCCC(C=O)NC(C)CC,0.8326733112335205
911,CCCCC(=O)CC(=O)CC,0.8323012590408325
912,CSCCC(=O)OCc1ccc(C)cc1,0.832047164440155
913,CCOCCOCC(=O)OCc1ccc(C(C)C)cc1,0.8318113684654236
914,CC=CCCC(C=O)CCCC,0.8317775726318359
915,Cc1ccc(COC2CCC3(C)OC3C2=O)cc1,0.8312246799468994
916,CCCC(CCOC(=O)C(C)CCCCC(C)(O)C1CC=C(C)CC1)SC,0.8310865759849548
917,CC1=C(OCC(C)C(=O)C(=O)CCCc2ccccc2)C(=O)C(C)O1,0.8309436440467834
918,CCCCC(CC)C(=O)CCC(CCC)SC,0.8308317065238953
919,CCCC(=O)Cc1ccco1,0.8303959369659424
920,CC=C(C)C=CCC(=O)CCCC,0.8303040266036987
921,CCCC(=O)COC1CC(C)CCC1C(C)C,0.8290742635726929
922,C=CC(C)(O)CC(C)OCC(C)C,0.8288550972938538
923,COc1ccccc1CC(C)(C)C1CCC(C)CC1=O,0.8288395404815674
924,CCCC(=O)CCCC(C)CCO,0.8271104693412781
925,CC1=CCC(C(C)(O)CCCC(=O)CCCC(C)C)CC1,0.8270630836486816
926,Cc1ccc(COCc2ccc(C(C)C)cc2)cc1,0.826994001865387
927,C=C(COCCCC)C1CC=C(C)CC1,0.8269505500793457
928,CCCC(C)OOCc1ccc(C)cc1,0.826381504535675
929,CC=CCCOC(CCCC)CCCCC(=O)C(=O)c1ccccc1NCC,0.825139045715332
930,CCCC(=O)CC(C)O,0.8248564004898071
931,CCCCC(=O)Oc1ccccc1OC,0.8241673111915588
932,CCC=CCCCOC1=C(C)OC(C)C1=O,0.8236428499221802
933,C=CC(C)(C)C(=O)COCc1c(C)occc1=O,0.8233782649040222
934,CCCCC(=O)C(O)C(O)C(=O)Cc1ccccc1OC,0.8219364881515503
935,C=CC(CCC)C(=O)C1CCCCC1,0.8214129209518433
936,CCCCC(=O)C(O)C(O)C(=O)CC(=O)CC,0.8213413953781128
937,CCCCC(CCCCC(=O)Cc1ccco1)OCCCC(C)C1C=CC(C)=CC1,0.8194696307182312
938,CC1(C)C2CC=C(COC(=O)CCCCCC3CCCCC3)C1C2,0.8189072012901306
939,CCCCC(CC)C(=O)C(=O)c1c(F)c(F)c(F)c(F)c1F,0.8187483549118042
940,C=C(C)C1CC=C(COOC(CCCC)CCCCC(=O)C(=O)CCO)CC1,0.8184652328491211
941,CC=C(C)C(=O)OCC1=CCC2CC1C2(C)C,0.8179936408996582
942,Cc1occc(=O)c1OCC1=CCC2CC1C2(C)C,0.8173674941062927
943,CCCCCCCCCCCCCCC(=O)OC(CCCC)CCCCC(=O)OC(CC)CCCCCC,0.8169066905975342
944,CCOOCc1ccc(C)cc1,0.8165581226348877
945,CC1=C(OC(=O)c2ccccc2N(C)C)C(=O)C(C)O1,0.8164565563201904
946,C=CC(CCCCC)OOC1CCCCC1,0.8150827288627625
947,CCCCC(O)C(=O)Nc1ccc2c(c1)C(O)OC21c2ccc(O)cc2Oc2cc(O)ccc21,0.8149142265319824
948,CCCCC(C)OC1CCCCC1,0.8148908019065857
949,CCCCC(CC)C(=O)C1(C)CCC23CC1C(C)(C)C2CCC3C,0.8144672513008118
950,C=C(C)OC(=O)CONC1C(C)(C)SC1(C)C,0.8141294717788696
951,CCCC(=O)CC(=O)c1ccc(C)cc1,0.8135465383529663
952,CC(=S)C(=O)C1CCCCC1,0.8131427764892578
953,CCCCC(CC)C(=O)C(=O)CCS,0.8109880089759827
954,C=C(C)C1CC=C(COCC(=O)C(C)C)CC1,0.8108260035514832
955,CC1=C(OCCOc2ccccc2)C(=O)C(C)O1,0.8104163408279419
956,C=C(C)OCCCC,0.8102919459342957
957,C=CC(=C)CCCC(=O)C(CC)CCCC,0.8098078370094299
958,CC1CCC(C(C)(C)OC(C)c2ccccc2)C(=O)C1,0.8088963627815247
959,CCC=CCC(=O)OCC1=CCC2CC1C2(C)C,0.8086507320404053
960,CC1CCC(C(C)(C)OC2CC(C)CCC2C(C)C)C(=O)C1,0.8084776997566223
961,CC=CCC(=O)C(C)CC(=O)CCCCCCCCCCCCCC,0.8084037899971008
962,CC1=C(OC(=O)C(C)S)C(=O)C(C)O1,0.8077557682991028
963,C=CC(C)(C)C(=O)CCOOc1c(C)occc1=O,0.8068956136703491
964,C=CCCCCCCCCCC(=O)OC(CCCC)CCCCC(=O)OCCCCCCCC,0.8058246374130249
965,Cc1ccc(COc2cccc(C)c2)cc1,0.8055409789085388
966,CCCCC(CCCCC(=O)CCC1CCCC1=O)OCCCC(C)C1C=CC(C)=CC1,0.8050957918167114
967,CCC(C)OCc1ccc(C)cc1,0.8040032982826233
968,CCC=C(C)C(=O)CC=C(C)C,0.8037340641021729
969,CCCCCCCCCCCCCCC(=O)OC1=C(C)OC(C)C1=O,0.8035904765129089
970,CCCCCCCCCCC(=O)OC1=C(C)OC(C)C1=O,0.8035904765129089
971,CCCCCCCCCCCCCCC(=O)OC(CCCC)CCCCC(=O)CC=CC=O,0.8034855723381042
972,CC1=CC(=O)C(OCC(C)C)CC1,0.8028011918067932
973,C=C(C)C1CC=C(C)C(C(=O)C(C)CC(C=O)CCCCC)C1,0.8023576736450195
974,CC1=C(OC(=O)CCCN)C(=O)C(C)O1,0.8022817969322205
975,CCC=CC(=O)OCC(=O)C1OC(CO)C(O)C(O)C1O,0.8017595410346985
976,CC=CC(=O)CC(C)C(=O)c1c(C)occc1=O,0.8008501529693604
977,CCCCC(CCCCC(=O)CCC(C)CCCC(C)C)OCCC1CCCCC1,0.8007485866546631
978,C=CCC(C)C(=O)C(=O)COCC=CCC,0.7997181415557861
979,CCCCC(=O)C(C)C=O,0.799390435218811
980,CC1=C(OC(=O)CCCCCC2CCCCC2)C(=O)C(C)O1,0.7989727854728699
981,C=C(COOC(C)CC)C1CC=C(C)CC1,0.7984689474105835
982,CCC=C(C)C(=O)C1CC(C)CC(C)(C)C1,0.7983151078224182
983,CCC=CC(=O)OCC(=O)CCCCCCCCCCCCCC,0.7977269887924194
984,CCC=CC(=O)C(=O)COCC(O)C=O,0.7974362373352051
985,CC(C)CCOC(C)OC1CCCCC1,0.7973034977912903
986,CCCCC(CCCCC(=O)C(=O)C(C)(C)SC)OOC1=C(C)CCC1=O,0.797227680683136
987,C=CCCCCCCCC(=O)C(=O)C(CC)CCCC,0.7971537113189697
988,CCCCOCc1ccc(C)cc1,0.7970988750457764
989,CC1=C(OCCCC(C)C=O)C(=O)C(C)O1,0.7970395088195801
990,CCCCC(CC)C(=O)C(=O)C(C)(C(C)C)C(C)C,0.7969261407852173
991,Cc1occc(=O)c1C(=O)C(C)C,0.7956785559654236
992,CCCCCCCCCCCCC(=O)COCc1ccc(C)cc1,0.7953574657440186
993,C=CCCCCCCCC(=O)COC(CC)CCCCCC,0.7951231598854065
994,CC1=C(OCCCC(C)CCO)C(=O)C(C)O1,0.7938887476921082
995,CCCCCCCC=CCC(=O)C(CC)CCCC,0.7936646342277527
996,CCCCCCCCCCCCOC(=O)C(C)CC(=O)C(CCCC)C(C)=O,0.7933381199836731
997,CCCCC(=O)C(O)CC(C)C,0.7923839688301086
998,CC1=C(OCCS)C(=O)C(C)O1,0.7922860383987427
999,CCCCC(CC)C(=O)CCCC1(C)OCC(C)O1,0.792248547077179
1000,C=C(C)C1CCC(C)C(OC(=O)CCCCC(CCCC)OCC=CCCCCC)C1,0.791926920413971
1001,CCCCC(CC)C(=O)Cc1ccc(C(C)C)cc1,0.7916006445884705
1002,CNc1ccccc1C(=O)C(=O)C1CCCCC1,0.7908613681793213
1003,CCCC=CCCOC1=C(C)OC(C)C1=O,0.7906183004379272
1004,CCCCC(CCCCC(=O)C(=O)CC)OC(=O)C(C)CCC,0.7905559539794922
1005,CC(=O)CCC(=O)C(C)(C)C1CCC(C)CC1=O,0.7905098795890808
1006,CCCCC(C=O)CCCC,0.7904009222984314
1007,CC(C)=CCCOCc1ccc(C)cc1,0.7899476885795593
1008,CCCCC(=O)Cc1ccc(C)cc1,0.7895506024360657
1009,Cc1ccc(COC(=O)C(C)S)cc1,0.7889067530632019
1010,CCCCCC(=O)C(C)C,0.7884569764137268
1011,CCCCC(=O)CC(OC)OC,0.7880132794380188
1012,C1CCC(OCC2OCCO2)CC1,0.7877490520477295
1013,CCCCC(CC)C(=O)c1ccc2ccccc2c1,0.7876641750335693
1014,CCCC=CCOC1CCCCC1,0.7871426343917847
1015,CCC=CCCOC1=C(C)OC(C)C1=O,0.7870100736618042
1016,CC1=C(CC(C)(C)C2CCC(C)CC2=O)C(C)(C)C(C)CC1,0.7868445515632629
1017,CC(=O)C(C)OC1=C(C)OC(C)C1=O,0.7854358553886414
1018,CC1=C(OC(C)(C)C2CCC(C)CC2)C(=O)C(C)O1,0.7837925553321838
1019,CCCCC(CCCCC(=O)Cc1ccc(C)cc1)OC1CC(C)CCC1C(C)C,0.783456027507782
1020,C=CCCC(=O)C(=O)C(CC)CCCC,0.7830210328102112
1021,CCC=C(C)C(=O)C(=O)CC(C)SCC,0.7821672558784485
1022,C=C(C)C1CC=C(COCC=C(C)C)CC1,0.7803775668144226
1023,CC1=C(OC(=O)CC(=O)c2ccccc2)C(=O)C(C)O1,0.779319703578949
1024,CC1=C(Oc2ccccc2C)C(=O)C(C)O1,0.7788597345352173
1025,CCCCC(O)C(=O)C(C)(C)C1CCC(C)CC1=O,0.7785956263542175
1026,O=C(OCCC1CCCCC1)C1CCCCC1,0.7778037786483765
1027,C=CC1(C)CCC(C(C)(C)C(C=O)CCCC)O1,0.7776241302490234
1028,Cc1ccc(COOC2CCCCC2)cc1,0.7775203585624695
1029,CCCCCCCCCC(=O)CCCCC(CCCC)OC(CO)CCCCC,0.7772388458251953
1030,CCCCCCCCCCCCCCC(=O)CCC=C(C)CCOC1CCC(C)=CC1=O,0.7769936919212341
1031,CCCCC(CC)C(=O)CC1CC(C)=CCO1,0.7767249941825867
1032,CCCCC(C=O)OCC(C)CC,0.7761318683624268
1033,CC1CCC(C(C)(C)C(C=O)C(C)C)C(=O)C1,0.7754946947097778
1034,CCCC(C)OC(=O)CCc1ccccc1,0.77354896068573
1035,CSCOOCc1ccc(C)cc1,0.7733715176582336
1036,C=C(COOC(CC)c1ccccc1)C1CC=C(C)CC1,0.7731092572212219
1037,CCCCC(CCCCC(=O)C(=O)c1ccccc1NCC)OC(=O)c1ccccc1N,0.7730358839035034
1038,C=C(C)CCCOC1=C(C)OC(C)C1=O,0.7729789018630981
1039,CC1=C(OCC(C)O)C(=O)C(C)O1,0.7719861268997192
1040,C=C(C)C(=O)CCCCC(CCCC)OC(=O)CC1(C)OCC(C)O1,0.7716719508171082
1041,CC1=C(OOCCc2ccccc2)C(=O)C(C)O1,0.7712175846099854
1042,CCC=CCC(=O)CCCCC(CCCC)OC(C=O)c1ccccc1,0.7701165080070496
1043,Cc1ccc(COCC2=CCC3CC2C3(C)C)cc1,0.7696685194969177
1044,C=C(COCC=CC=O)C1CC=C(C)CC1,0.769529402256012
1045,CCCC(CCOC(=O)CCCCCCCCC(=O)C(C)(C)C1CCC(C)CC1=O)SC,0.7683969736099243
1046,COc1ccc(COCc2ccc(C)cc2)cc1,0.7681854367256165
1047,Cc1ccc(COOC(C)(C)c2ccccc2)cc1,0.7677778005599976
1048,CCCCC(=O)C1CC(C)CC(C)(C)C1,0.7673400044441223
1049,CCCC(=O)CC(=O)O,0.7663185000419617
1050,CCC=CC(=O)OCCCCC,0.7650600075721741
1051,CC1=CCC(OC2CCCCC2)CC1,0.7641798853874207
1052,CCCCCC=CCOCCC(C)=CCCC(=O)C(CC)C(C)=O,0.7639749050140381
1053,Cc1ccc(COCC2OCCO2)cc1,0.7636953592300415
1054,CCCC(=O)C(C)C=O,0.7634211182594299
1055,CCC(C)CCC(=O)C(=O)C(C)CC(=O)CCC(C)C,0.7629709243774414
1056,CCCCOCC(=O)CCCC(C)CCO,0.7626873254776001
1057,C=C(C)C1CC=C(COC(=O)C(C)(C(C)C)C(C)C)CC1,0.7626728415489197
1058,CC1=C(OCC=CCCCO)C(=O)C(C)O1,0.7612242102622986
1059,CCC=CC(=O)C(=O)C(O)CCCC,0.7598021626472473
1060,CCCCC(CC)C(=O)c1ccccc1C,0.7593432664871216
1061,CC1=CCC(OCc2ccccc2)CC1,0.7584733366966248
1062,CCCCC(C)(C)C1CCC(C)CC1=O,0.7584230303764343
1063,C=C(C)C1CC=C(COOCC(=C)C2CC=C(C)CC2)CC1,0.7583028078079224
1064,Cc1ccc(CONCC(C)C)cc1,0.7580829858779907
1065,CC(C)COC(=O)CCCCCCCCC(=O)C1CC2CCC1(C)C2(C)C,0.7578997611999512
1066,CCCCCC(C=O)C(=O)CCCC,0.7570754289627075
1067,CC1=C(OCC(=O)CO)C(=O)C(C)O1,0.7568772435188293
1068,CCCCC(C=O)C(=O)CC1(C)OCC(C)O1,0.7562570571899414
1069,O=C(C(=O)C1CCCCC1)C1CCCCC1,0.755868673324585
1070,CC=CCCCCCCCC(=O)OC(CCCC)CCCCC(=O)OCc1ccc(OC)cc1,0.7557375431060791
1071,CCCCCCCCCCCCCCC(=O)CC(C)C(=O)C(C=O)CCCC,0.7550844550132751
1072,CCC=CCCCCCC(=O)CCCCC(CCCC)OCCCC,0.7544086575508118
1073,CCCCC(O)C(=O)CC(C)C,0.7542786598205566
1074,C=CCC(C)C(=O)CCCC,0.7542651295661926
1075,CCCCC(O)C(=O)C(=O)C(CCCC)C(C)=O,0.7538917064666748
1076,CCCCC(C=O)C(=O)CC(C)O,0.7536440491676331
1077,CCCC(=O)CCCCO,0.7530347108840942
1078,CCCCC(O)C(=O)OC1CC(C)CCC1C(C)C,0.7525576949119568
1079,CCCCC(C=O)C(=O)C(C)CCC,0.7521539926528931
1080,CCC(C(C)=O)C(=O)CCC=C(C)CCOC1CCC(C)=CC1=O,0.7505159974098206
1081,CCC(=O)CC(=O)CCCC(C)C,0.7505159974098206
1082,C=CCCCC(=O)CCCCC(CCCC)OOCCCCCCCC,0.7499198317527771
1083,CCCCC(CCCCC(=O)C(C)C=CC1=C(C)CCCC1(C)C)Oc1ccccc1,0.7496229410171509
1084,CCCCC(CCCCC(=O)OC1=C(C)CCC1=O)Oc1ccccc1OC,0.7480965256690979
1085,Cc1ccc(COCCCC=O)cc1,0.7479756474494934
1086,CC1=C(OCC(=O)O)C(=O)C(C)O1,0.7478376030921936
1087,CC(C)=CCC(=O)CCCCCCCCC(=O)Oc1c(C)occc1=O,0.7477400302886963
1088,CC(=CCCC1(C)C2CC3C(C2)C31C)COCC(C)C,0.7460823059082031
1089,CCCCC(=O)C(O)C(O)C(=O)Cc1ccc(C)cc1,0.7460065484046936
1090,CCCCCCCCCC=CCOCc1ccc(C)cc1,0.745580792427063
1091,CCCC(C)OOCCC(C)=CCCC(=O)C(C)C,0.745333194732666
1092,C=CCC(C)C(=O)OCCC(C)=CCCCC=CCCCCC,0.7449929118156433
1093,CC1CCC(C(C)(C)OCC2=CCC3CC2C3(C)C)C(=O)C1,0.7435678243637085
1094,CCCCCC(CO)OCc1ccc(C)cc1,0.7432121634483337
1095,CCCCC(=O)CC(C)O,0.7409650087356567
1096,CC(C)CC(=O)C(C)C,0.7406506538391113
1097,CCCCC(CC)COCc1ccc(C)cc1,0.740647554397583
1098,COc1cc(C=O)cc(OC2=C(C)OC(C)C2=O)c1O,0.740419328212738
1099,CCCCCC(CC)C(C=O)CCCC,0.739960253238678
1100,CCCCC(O)C(=O)Oc1ccccc1C,0.7399278283119202
1101,CCCCCCCCCCOCC(C)C(=O)CCCC(C)=O,0.739149272441864
1102,Cc1ccc(COOCc2ccccc2)cc1,0.7390385866165161
1103,C=C(C)C1CC=C(C)C(OCOc2cccc(C)c2)C1,0.7384454011917114
1104,Cc1ccc(COC(=O)c2ccc(C)cc2)cc1,0.7369781136512756
1105,C=C(C)COCc1ccc(C)cc1,0.7361846566200256
1106,CCCCCCC1CCC(=O)O1,0.7358226180076599
1107,C=C(C)C1CCC(C)C(OCc2ccc(C)cc2)C1,0.7345849275588989
1108,C=C(C)C1CC=C(COc2c(C)occc2=O)CC1,0.7342997193336487
1109,CCCCCC(=O)CCCC(=O)C(=O)COOc1c(C)occc1=O,0.7335885167121887
1110,CCCCC(CC)C(=O)C(=O)CC(=O)c1ccccc1,0.7320908904075623
1111,CCC=CCCCCCOOC1=C(C)OC(C)C1=O,0.731931209564209
1112,CCCCCC(CC)OC(CCCC)CCCCC(=O)C(=O)CCCC(O)CCC,0.7313385605812073
1113,CCCCCC(CO)C(=O)CCCC,0.7306326031684875
1114,C#CC(C)(O)CCCOC1=C(C)OC(C)C1=O,0.7305566668510437
1115,CCCCOCCC(S)CCC,0.7295415997505188
1116,CCCCc1ccccc1OC,0.7286930084228516
1117,CC1CCC(C(C)(C)C(C)C=O)C(=O)C1,0.7286034226417542
1118,CCCCC=CCCOC1CCCCC1,0.7276962995529175
1119,CSCC(C=O)OCc1ccc(C)cc1,0.7275481224060059
1120,CCCC(=O)CC(=O)CCC(CCC)SC,0.7272307872772217
1121,C=C(C)C1CC=C(COC(=O)CC=CCC)CC1,0.7268772125244141
1122,CCCCC(C=O)CC(=O)CC,0.7265356183052063
1123,C=C(C)C1CCC(C)C(OC(=O)CCCC)C1,0.7261660695075989
1124,CCC=C(C)C(=O)OC1=C(C)CCC1=O,0.7259400486946106
1125,CC(C)CCCC(=O)OCCC(C)CCCC(C)C,0.7255904078483582
1126,C=CC(=C)CCCC(C)(C)OC1=C(C)OC(C)C1=O,0.7251279354095459
1127,COc1cc(COC2=C(C)OC(C)C2=O)ccc1O,0.724699854850769
1128,C=CC=CCC(=O)C(C)COCc1ccccc1,0.7245988249778748
1129,CC1=CCC(C(C)OC2=C(C)OC(C)C2=O)C1(C)C,0.7244210839271545
1130,CC1=C(OCC(O)CO)C(=O)C(C)O1,0.7240906953811646
1131,Cc1ccc(COCCCC(C)C=O)cc1,0.7208158373832703
1132,C=CC1(C)CCC(C(C)(C)OC(=O)CCCCCCCCC(=O)C(C=O)c2ccccc2)O1,0.7205437421798706
1133,Cc1ccc(COCCO)cc1,0.7176686525344849
1134,CCCCCCCOCC(C)(C)C1CCC(C)CC1=O,0.7172644734382629
1135,O=CC=CCOC1CCCCC1,0.7172132730484009
1136,CCCCCOCC(C)C,0.7167991399765015
1137,CC(O)C(=O)OC1CCCCC1,0.7167596220970154
1138,CCCC(C)C(=O)C(=O)C(C)C,0.7163510918617249
1139,CC(C)(C)C(=O)OC1CCCCC1,0.7159028053283691
1140,CCCCCCC(C=O)C(=O)CCCC(C)C,0.7156813144683838
1141,CCCCC(CC)C(=O)C(=O)C(=O)CC,0.7144373655319214
1142,CC(C)C(=O)C1CCCCC1,0.7139676809310913
1143,CC1=CCC(C(C)(O)CCCC(C)(C)C2CCC(C)CC2=O)CC1,0.7138014435768127
1144,Cc1ccc(COCCc2occc2C)cc1,0.7125399708747864
1145,C=C(COCC(C)CC)C1CC=C(C)CC1,0.710642397403717
1146,CC1=C(OOCC(C)c2ccccc2)C(=O)C(C)O1,0.7096851468086243
1147,CCCCCCCCOC(=O)C1CCCCC1,0.7094376087188721
1148,CCCCCCCCCOC(=O)C1CCCCC1,0.7094376087188721
1149,CCCCCC=O,0.7089012265205383
1150,CC1=C(OCCC2CCCCC2)C(=O)C(C)O1,0.7088332176208496
1151,Cc1ccc(COCC=Cc2ccc3c(c2)OCO3)cc1,0.7082272171974182
1152,Cc1ccc(COOC(C)c2ccccc2)cc1,0.7082192897796631
1153,CC(C)COC1CCC2(C)OC2C1=O,0.7073984146118164
1154,C=C(C)COCCC(C)=CCCC(=O)C(CC)C(C)=O,0.7073409557342529
1155,CC=CC(=O)OCc1ccc(C)cc1,0.7071359157562256
1156,CC=C(C)CC(=O)C(C)COCC(C)c1ccccc1,0.7052880525588989
1157,CC(C)CCCC(=O)OC(C)c1ccccc1,0.7047072052955627
1158,CCCCCCCCCCCCCCC(=O)OCC(=O)CC1C(C)=CCCC1(C)C,0.7047068476676941
1159,CCC=CCCOOC(CCCC)CCCCC(=O)CCC(C)CCCC(C)C,0.7045527100563049
1160,CCCCCC(C=O)C(=O)C(C)C,0.7035703063011169
1161,CCCCC(O)C(=O)C(=O)c1ccccc1NC,0.7032145857810974
1162,CC1COC(CC(=O)C2CCCCC2)O1,0.7028887867927551
1163,CC1=C(OOC2CC(C)CCC2C(C)C)C(=O)C(C)O1,0.702512264251709
1164,CCCCC(C(C)=O)C(=O)C(=O)CCC,0.7022837996482849
1165,Cc1ccc(COC(=O)C(C)(C)C)cc1,0.7012345790863037
1166,CCCCC(CC)C(=O)C(=O)CCCCCC1CCCCC1,0.7008641958236694
